date,hist_regime,vix,vix9d,yield10y,gold,tlt,hyg,copper,oil,eem,xlre,composite_score,flow_regime,skew
2021-08-17,bull_2021,17.91,,,166.97,148.85,87.29,25.8,46.58,50.32,46.88,6,risk_on,149.05
2021-08-18,bull_2021,21.57,,,167.1,149.35,87.09,25.15,45.4,50.4,46.39,5,risk_on,148.54
2021-08-19,bull_2021,21.67,,,166.61,150.45,87.08,24.72,44.77,49.54,46.78,5,risk_on,151.19
2021-08-20,bull_2021,18.56,,,166.7,150.55,87.29,25.3,43.43,49.5,47.0,5,risk_on,153.51
2021-08-23,bull_2021,17.15,,,168.73,150.45,87.56,25.72,45.85,50.25,46.82,6,risk_on,159.02
2021-08-24,bull_2021,17.22,,,168.65,149.28,87.68,26.0,47.37,51.39,46.47,6,risk_on,157.13
2021-08-25,bull_2021,16.79,,,167.48,148.04,87.77,26.22,47.81,51.45,46.42,6,risk_on,159.51
2021-08-26,bull_2021,18.84,,,167.67,148.45,87.72,25.96,47.48,50.96,46.45,5,risk_on,157.25
2021-08-27,bull_2021,16.39,,,170.19,149.46,87.96,26.575,48.15,51.59,46.83,6,risk_on,162.43
2021-08-30,bull_2021,16.19,,,169.35,149.85,88.07,26.81,48.4,51.7,47.4,6,risk_on,157.99
2021-08-31,bull_2021,16.48,,,169.69,148.83,88.09,26.7,48.04,52.41,47.68,6,risk_on,155.91
2021-09-01,bull_2021,16.11,,,169.7,148.89,87.89,26.18,47.93,53.08,48.5,6,risk_on,154.75
2021-09-02,bull_2021,16.41,,,169.25,149.54,88.0,26.35,48.95,52.84,48.73,6,risk_on,156.98
2021-09-03,bull_2021,16.41,,,171.06,148.18,88.01,26.46,48.66,53.12,48.73,6,risk_on,162.27
2021-09-07,bull_2021,18.14,,,167.71,146.93,87.78,26.11,48.04,53.43,48.19,5,risk_on,154.76
2021-09-08,bull_2021,17.96,,,167.29,147.93,87.88,25.87,48.59,52.65,48.48,6,risk_on,153.39
2021-09-09,bull_2021,18.8,,,168.03,149.72,87.96,26.16,47.75,52.55,47.45,5,risk_on,149.97
2021-09-10,bull_2021,20.95,,,167.18,148.4,87.83,27.1,48.8,52.49,46.85,5,risk_on,151.16
2021-09-13,bull_2021,19.37,,,167.74,149.3,88.05,26.69,49.48,52.63,47.11,5,risk_on,148.5
2021-09-14,bull_2021,19.46,,,168.82,151.11,88.01,26.39,49.31,52.19,47.01,5,risk_on,146.73
2021-09-15,bull_2021,18.18,,,167.83,150.58,88.14,27.0,50.69,52.18,47.19,5,risk_on,154.33
2021-09-16,bull_2021,18.69,,,164.03,149.89,88.11,26.11,50.7,51.59,47.28,5,risk_on,152.88
2021-09-17,bull_2021,20.81,,,163.77,149.17,88.0,26.06,50.32,51.37,46.85,5,risk_on,149.52
2021-09-20,bull_2021,25.71,,,164.94,151.02,87.69,25.22,49.6,49.99,46.27,3,mild_risk_on,141.57
2021-09-21,bull_2021,24.36,,,166.04,150.89,87.84,25.26,49.58,50.36,46.28,3,mild_risk_on,139.98
2021-09-22,bull_2021,20.87,,,165.42,151.79,88.0,25.8,50.48,50.99,46.67,5,risk_on,144.12
2021-09-23,bull_2021,18.63,,,163.51,148.36,88.04,25.85,51.38,51.39,46.44,5,risk_on,146.87
2021-09-24,bull_2021,17.75,,,163.3,146.91,87.91,26.18,51.82,50.78,45.91,6,risk_on,145.67
2021-09-27,bull_2021,18.76,,,163.64,146.37,87.83,26.17,52.91,51.11,45.15,5,risk_on,144.66
2021-09-28,bull_2021,23.25,,,162.05,144.09,87.43,26.01,52.4,50.45,44.88,3,mild_risk_on,140.08
2021-09-29,bull_2021,22.56,,,161.32,144.34,87.59,25.5,52.32,49.98,45.17,3,mild_risk_on,137.99
2021-09-30,bull_2021,23.14,,,164.22,144.32,87.49,25.05,52.56,50.38,44.45,3,mild_risk_on,135.55
2021-10-01,bull_2021,21.15,,,164.59,145.35,87.41,25.74,53.26,50.33,44.93,5,risk_on,135.05
2021-10-04,bull_2021,22.96,,,165.36,144.98,87.1,25.87,54.49,49.59,44.98,3,mild_risk_on,130.87
2021-10-05,bull_2021,21.3,,,164.59,143.58,87.06,25.58,55.63,49.94,44.63,5,risk_on,131.68
2021-10-06,bull_2021,21.0,,,165.03,144.39,87.01,25.5,54.16,49.66,45.06,5,risk_on,131.51
2021-10-07,bull_2021,19.54,,,164.16,142.88,87.02,26.09,55.36,50.63,45.11,5,risk_on,133.32
2021-10-08,bull_2021,18.77,,,164.23,141.88,86.76,26.17,55.47,50.82,44.62,5,risk_on,134.46
2021-10-11,bull_2021,20.0,,,163.92,141.52,86.49,26.65,56.18,50.72,44.68,5,risk_on,134.7
2021-10-12,bull_2021,19.85,,,164.66,143.94,86.65,26.4,56.11,50.46,45.28,5,risk_on,134.1
2021-10-13,bull_2021,18.64,,,167.59,145.34,86.88,27.53,56.16,51.16,45.54,5,risk_on,135.77
2021-10-14,bull_2021,16.86,,,168.0,145.88,87.37,28.22,56.81,51.32,46.18,6,risk_on,143.78
2021-10-15,bull_2021,16.3,,,165.33,145.03,87.22,28.95,57.15,51.94,46.2,6,risk_on,147.27
2021-10-18,bull_2021,16.31,,,164.92,145.71,87.18,28.78,56.96,51.81,46.28,6,risk_on,143.77
2021-10-19,bull_2021,15.7,,,165.45,143.7,87.24,28.62,57.42,52.5,46.49,6,risk_on,141.01
2021-10-20,bull_2021,15.49,,,166.9,142.73,87.27,29.04,58.12,52.49,47.2,6,risk_on,141.23
2021-10-21,bull_2021,15.01,,,166.75,142.56,87.05,27.86,57.41,52.15,47.35,6,risk_on,140.94
2021-10-22,bull_2021,15.43,,,167.77,144.13,86.84,27.53,58.03,52.04,47.69,6,risk_on,139.34
2021-10-25,bull_2021,15.24,,,168.93,143.91,86.99,27.7,57.83,52.31,47.83,6,risk_on,140.94
2021-10-26,bull_2021,15.98,,,167.68,145.1,87.01,27.5,58.45,52.04,48.05,6,risk_on,141.3
2021-10-27,bull_2021,16.98,,,168.12,147.74,86.94,26.82,56.9,51.62,47.7,6,risk_on,140.6
2021-10-28,bull_2021,16.53,,,168.08,147.24,87.16,27.1,57.4,51.67,48.4,6,risk_on,144.73
2021-10-29,bull_2021,16.26,,,166.65,147.69,86.93,26.84,57.15,50.92,47.82,6,risk_on,148.09
2021-11-01,bull_2021,16.41,,,167.52,146.44,86.56,26.86,57.53,51.32,47.93,6,risk_on,145.81
2021-11-02,bull_2021,16.03,,,167.16,147.09,86.77,26.72,57.53,50.86,48.38,6,risk_on,146.68
2021-11-03,bull_2021,15.1,,,165.77,145.57,86.94,26.67,55.34,51.1,48.66,6,risk_on,149.77
2021-11-04,bull_2021,15.44,,,167.65,147.1,87.17,26.37,54.92,50.98,48.11,6,risk_on,151.67
2021-11-05,bull_2021,16.48,,,169.84,149.3,87.5,26.57,56.55,50.92,48.22,6,risk_on,148.83
2021-11-08,bull_2021,17.22,,,170.45,149.02,87.39,26.93,57.09,51.39,48.21,6,risk_on,149.24
2021-11-09,bull_2021,17.78,,,171.29,150.96,87.46,26.76,57.97,51.19,48.39,6,risk_on,144.09
2021-11-10,bull_2021,18.73,,,173.15,148.2,86.97,26.25,56.32,50.98,48.15,5,risk_on,144.89
2021-11-11,bull_2021,17.66,,,174.12,147.98,86.82,26.91,56.22,51.86,48.17,6,risk_on,144.03
2021-11-12,bull_2021,16.29,,,174.45,147.33,86.85,27.19,55.98,52.0,48.19,6,risk_on,144.37
2021-11-15,bull_2021,16.49,,,174.18,145.48,86.75,26.94,56.07,51.83,48.46,6,risk_on,142.38
2021-11-16,bull_2021,16.37,,,172.92,145.11,86.79,26.56,56.2,51.9,48.16,6,risk_on,139.56
2021-11-17,bull_2021,17.11,,,174.5,146.26,86.7,25.81,55.0,51.63,48.48,6,risk_on,141.96
2021-11-18,bull_2021,17.59,,,173.94,146.81,86.63,26.3,55.55,51.0,48.47,6,risk_on,144.8
2021-11-19,bull_2021,17.91,,,172.61,148.36,86.56,26.77,53.78,50.92,48.21,6,risk_on,148.44
2021-11-22,bull_2021,19.17,,,168.74,146.62,86.23,26.73,54.45,50.51,47.97,5,risk_on,147.44
2021-11-23,bull_2021,19.38,,,167.28,144.5,86.11,26.99,56.2,50.46,48.48,5,risk_on,146.99
2021-11-24,bull_2021,18.58,,,167.12,146.82,86.09,27.32,55.88,50.39,49.13,5,risk_on,148.15
2021-11-26,bull_2021,28.62,,,166.85,150.53,85.47,26.28,49.63,48.7,47.8,2,mild_risk_on,148.27
2021-11-29,bull_2021,22.96,,,166.62,149.32,86.0,26.55,50.17,48.89,48.4,3,mild_risk_on,149.93
2021-11-30,bull_2021,27.19,,,165.5,151.59,85.64,26.21,47.91,48.84,47.39,3,mild_risk_on,150.55
2021-12-01,bull_2021,31.12,,,166.16,152.34,85.37,25.68,47.04,49.02,46.77,2,mild_risk_on,155.21
2021-12-02,bull_2021,27.95,,,165.24,152.53,86.0,26.2,48.29,49.62,48.05,3,mild_risk_on,151.38
2021-12-03,bull_2021,30.67,,,166.63,154.35,86.0,26.08,48.0,48.92,47.81,2,mild_risk_on,149.64
2021-12-06,bull_2021,27.18,,,166.22,152.23,86.38,26.49,50.51,49.3,48.5,3,mild_risk_on,151.64
2021-12-07,bull_2021,21.89,,,166.81,151.0,86.84,26.49,51.59,50.08,49.36,5,risk_on,151.66
2021-12-08,bull_2021,19.9,,,166.9,148.39,86.82,26.74,52.42,50.28,49.57,5,risk_on,151.2
2021-12-09,bull_2021,21.58,,,165.88,149.22,86.43,26.27,51.02,50.04,48.94,5,risk_on,149.66
2021-12-10,bull_2021,18.69,,,166.58,148.86,86.63,26.21,52.03,50.08,49.19,5,risk_on,147.34
2021-12-13,bull_2021,20.31,,,167.0,151.06,86.63,26.17,51.44,48.59,49.85,5,risk_on,146.07
2021-12-14,bull_2021,21.89,,,165.44,150.7,86.48,26.01,50.92,48.48,49.3,5,risk_on,137.76
2021-12-15,bull_2021,19.29,,,166.15,149.25,86.81,26.0,51.62,48.34,50.03,5,risk_on,141.75
2021-12-16,bull_2021,20.57,,,168.16,149.14,86.45,26.19,51.87,48.4,50.22,5,risk_on,140.29
2021-12-17,bull_2021,21.57,,,167.8,150.83,86.37,26.16,50.78,48.16,50.05,5,risk_on,134.94
2021-12-20,bull_2021,22.87,,,167.09,149.7,86.22,26.25,49.9,47.44,49.3,3,mild_risk_on,131.71
2021-12-21,bull_2021,21.01,,,167.02,149.13,86.68,26.56,51.57,48.24,49.58,5,risk_on,136.33
2021-12-22,bull_2021,18.63,,,168.59,149.82,86.91,26.78,52.48,48.47,50.07,5,risk_on,142.04
2021-12-23,bull_2021,17.96,,,168.97,148.52,87.16,26.83,53.13,48.72,49.92,6,risk_on,150.26
2021-12-27,bull_2021,17.68,,,169.37,148.88,87.25,27.27,54.52,48.94,50.94,6,risk_on,151.87
2021-12-28,bull_2021,17.54,,,168.64,148.29,87.21,27.04,54.67,48.78,51.16,6,risk_on,153.21
2021-12-29,bull_2021,16.95,,,168.59,146.67,87.07,26.97,55.08,48.56,51.47,6,risk_on,156.24
2021-12-30,bull_2021,17.33,,,169.8,147.9,87.03,26.74,55.1,49.09,51.7,6,risk_on,155.27
2021-12-31,bull_2021,17.22,,,170.96,148.19,87.01,27.21,54.36,48.85,51.81,6,risk_on,154.38
2022-01-03,bear_2022,16.6,,,168.33,144.3,86.97,26.96,54.83,49.2,51.33,6,risk_on,151.49
2022-01-04,bear_2022,16.91,,,169.57,143.7,86.75,27.26,55.59,49.03,51.13,6,risk_on,150.36
2022-01-05,bear_2022,19.73,,,169.06,142.92,86.08,26.7,55.43,48.23,49.47,5,risk_on,143.41
2022-01-06,bear_2022,19.61,,,166.99,143.29,86.09,26.59,56.89,48.45,49.53,5,risk_on,140.77
2022-01-07,bear_2022,18.76,,,167.75,142.26,85.87,26.89,56.67,48.89,49.27,5,risk_on,139.14
2022-01-10,bear_2022,19.4,,,168.26,142.61,85.94,26.61,56.16,48.89,48.98,5,risk_on,139.24
2022-01-11,bear_2022,18.41,,,170.29,143.56,86.34,27.03,58.16,50.02,48.9,5,risk_on,138.09
2022-01-12,bear_2022,17.62,,,170.74,143.01,86.48,27.86,58.91,50.85,49.03,6,risk_on,135.73
2022-01-13,bear_2022,20.31,,,170.16,144.28,86.17,27.5,58.27,50.13,48.86,5,risk_on,133.13
2022-01-14,bear_2022,19.19,,,169.67,142.1,86.09,27.1,59.97,50.11,48.29,5,risk_on,133.85
2022-01-18,bear_2022,22.79,,,169.39,140.1,85.67,26.84,60.97,49.22,47.96,3,mild_risk_on,129.72
2022-01-19,bear_2022,23.85,,,172.08,141.07,85.59,27.09,61.05,49.43,47.34,3,mild_risk_on,134.73
2022-01-20,bear_2022,25.59,,,171.65,141.94,85.43,27.58,60.66,49.72,46.92,3,mild_risk_on,127.58
2022-01-21,bear_2022,28.85,,,171.09,143.63,85.44,27.45,60.78,49.0,46.89,2,mild_risk_on,136.18
2022-01-24,bear_2022,29.9,,,172.03,142.45,85.35,27.1,60.11,48.31,46.99,2,mild_risk_on,136.06
2022-01-25,bear_2022,31.16,,,172.58,142.22,85.1,27.18,60.97,48.22,46.86,2,mild_risk_on,133.9
2022-01-26,bear_2022,31.96,,,169.79,140.5,84.81,27.17,61.68,47.61,46.08,2,mild_risk_on,133.38
2022-01-27,bear_2022,30.49,,,167.6,143.08,84.44,26.92,61.86,47.06,45.25,2,mild_risk_on,132.22
2022-01-28,bear_2022,27.66,,,167.1,143.13,84.68,26.4,61.97,47.29,46.82,3,mild_risk_on,132.96
2022-01-31,bear_2022,24.83,,,168.09,142.39,84.7,26.5,62.48,48.84,47.34,3,mild_risk_on,131.44
2022-02-01,bear_2022,21.96,,,168.23,141.72,84.73,27.04,62.53,49.14,47.02,5,risk_on,133.0
2022-02-02,bear_2022,22.09,,,168.84,142.2,84.86,27.32,62.52,49.06,47.83,3,mild_risk_on,132.05
2022-02-03,bear_2022,24.35,,,168.6,141.09,84.1,27.19,63.51,48.54,47.34,3,mild_risk_on,132.75
2022-02-04,bear_2022,23.22,,,168.86,139.01,83.77,27.45,64.91,48.66,46.69,3,mild_risk_on,129.29
2022-02-07,bear_2022,22.86,,,170.11,139.1,83.71,27.34,64.68,48.56,46.7,3,mild_risk_on,126.25
2022-02-08,bear_2022,21.44,,,170.63,138.17,83.62,27.29,63.62,49.03,46.28,5,risk_on,127.72
2022-02-09,bear_2022,19.96,,,171.21,138.43,84.06,28.26,64.17,49.8,47.4,5,risk_on,129.78
2022-02-10,bear_2022,23.91,,,170.56,136.23,82.95,28.15,63.96,49.47,46.05,3,mild_risk_on,128.11
2022-02-11,bear_2022,27.36,,,173.81,138.25,82.66,27.14,65.74,48.72,45.42,3,mild_risk_on,126.81
2022-02-14,bear_2022,28.33,,,174.74,136.53,82.52,27.39,66.36,48.38,44.93,2,mild_risk_on,128.12
2022-02-15,bear_2022,25.7,,,173.08,134.98,82.66,27.63,64.28,49.43,45.15,3,mild_risk_on,129.76
2022-02-16,bear_2022,24.29,,,174.86,135.78,83.12,27.645,63.54,49.79,45.27,3,mild_risk_on,132.75
2022-02-17,bear_2022,28.11,,,177.25,136.79,82.77,27.46,64.17,49.21,44.88,2,mild_risk_on,131.31
2022-02-18,bear_2022,27.75,,,177.12,138.23,82.89,27.561,64.74,48.72,44.68,3,mild_risk_on,128.36
2022-02-22,bear_2022,28.81,,,177.49,138.59,82.7,27.465,65.54,48.03,44.56,2,mild_risk_on,128.33
2022-02-23,bear_2022,31.02,,,178.29,136.68,82.55,27.12,66.24,47.47,43.98,2,mild_risk_on,126.88
2022-02-24,bear_2022,30.32,,,177.14,136.77,83.14,27.44,66.34,46.49,44.74,2,mild_risk_on,130.48
2022-02-25,bear_2022,27.59,,,176.55,136.87,83.61,27.44,65.8,47.35,45.86,3,mild_risk_on,132.51
2022-02-28,bear_2022,30.15,,,178.38,139.87,83.67,27.4,67.48,46.73,45.07,2,mild_risk_on,137.36
2022-03-01,bear_2022,33.32,,,181.62,141.3,83.13,27.82,71.82,46.11,44.98,2,mild_risk_on,134.42
2022-03-02,bear_2022,30.74,,,179.73,136.47,83.33,28.5,75.42,46.19,45.78,2,mild_risk_on,136.11
2022-03-03,bear_2022,30.48,,,180.8,137.86,83.08,29.2,74.53,45.54,46.28,2,mild_risk_on,133.28
2022-03-04,bear_2022,31.98,,,183.68,140.24,82.54,29.9,79.46,44.62,46.67,2,mild_risk_on,134.98
2022-03-07,bear_2022,36.45,,,186.41,139.17,81.82,28.91,82.37,42.95,45.82,0,neutral,136.69
2022-03-08,bear_2022,35.13,,,191.51,137.77,81.53,28.87,85.43,43.09,45.41,0,neutral,135.25
2022-03-09,bear_2022,32.45,,,185.82,136.42,82.21,27.85,75.47,44.31,46.17,2,mild_risk_on,134.12
2022-03-10,bear_2022,30.23,,,186.4,134.46,81.52,28.26,74.06,43.48,46.33,1,neutral,130.94
2022-03-11,bear_2022,30.75,,,185.09,134.91,80.93,28.0,76.4,42.57,45.87,1,neutral,130.7
2022-03-14,bear_2022,31.77,,,182.3,131.76,79.97,27.41,72.84,41.54,45.59,1,neutral,131.81
2022-03-15,bear_2022,29.83,,,178.89,131.53,80.57,27.44,68.63,41.6,45.95,1,neutral,130.66
2022-03-16,bear_2022,26.67,,,180.01,132.82,81.7,28.31,68.28,44.95,46.46,2,mild_risk_on,132.0
2022-03-17,bear_2022,25.67,,,180.89,131.83,82.26,28.59,73.68,44.72,47.12,3,mild_risk_on,134.93
2022-03-18,bear_2022,23.87,,,179.3,133.44,82.53,28.72,74.64,45.36,47.23,3,mild_risk_on,136.64
2022-03-21,bear_2022,23.53,,,180.67,130.35,81.58,28.55,79.54,44.66,46.72,2,mild_risk_on,135.73
2022-03-22,bear_2022,22.94,,,179.36,128.68,82.0,28.63,78.56,45.47,46.75,2,mild_risk_on,139.72
2022-03-23,bear_2022,23.57,,,181.81,131.5,81.74,29.15,81.95,45.17,46.22,2,mild_risk_on,136.71
2022-03-24,bear_2022,21.67,,,183.13,130.47,81.91,28.73,79.75,45.41,46.58,4,mild_risk_on,138.39
2022-03-25,bear_2022,20.81,,,182.38,128.66,81.32,28.61,80.74,45.05,47.13,4,mild_risk_on,140.26
2022-03-28,bear_2022,19.63,,,179.06,129.76,81.83,28.75,74.53,45.2,47.73,4,mild_risk_on,138.87
2022-03-29,bear_2022,18.9,,,179.14,130.74,82.84,28.92,76.15,45.97,49.13,5,risk_on,140.0
2022-03-30,bear_2022,19.33,,,180.58,131.76,82.59,28.82,77.91,45.84,48.86,5,risk_on,139.28
2022-03-31,bear_2022,20.56,,,180.65,132.08,82.29,28.71,74.12,45.15,48.32,5,risk_on,140.73
2022-04-01,bear_2022,19.63,,,179.5,132.38,81.95,28.65,74.17,45.9,49.28,4,mild_risk_on,145.51
2022-04-04,bear_2022,18.57,,,180.37,131.46,82.57,29.12,76.86,46.71,49.13,5,risk_on,146.48
2022-04-05,bear_2022,21.03,,,179.24,128.49,81.5,28.92,74.8,45.85,49.17,4,mild_risk_on,141.33
2022-04-06,bear_2022,22.1,,,179.66,127.45,80.86,28.73,73.05,45.25,49.9,2,mild_risk_on,144.27
2022-04-07,bear_2022,21.55,,,180.34,126.49,80.73,28.65,73.11,44.89,49.49,4,mild_risk_on,139.55
2022-04-08,bear_2022,21.16,,,181.47,125.12,80.24,28.67,74.11,44.93,49.67,4,mild_risk_on,141.51
2022-04-11,bear_2022,24.37,,,182.37,123.14,79.69,28.1,72.3,44.37,48.99,2,mild_risk_on,137.91
2022-04-12,bear_2022,24.26,,,183.77,122.97,80.3,28.57,75.98,44.23,48.84,2,mild_risk_on,137.62
2022-04-13,bear_2022,21.82,,,184.65,123.22,80.78,28.6,78.42,44.81,49.04,4,mild_risk_on,139.86
2022-04-14,bear_2022,22.7,,,184.04,120.75,80.24,28.59,79.57,44.23,48.76,2,mild_risk_on,134.39
2022-04-18,bear_2022,22.17,,,184.61,120.15,80.11,29.25,80.41,44.08,48.64,2,mild_risk_on,130.94
2022-04-19,bear_2022,21.37,,,181.82,119.25,80.04,28.62,76.86,43.86,49.66,4,mild_risk_on,130.94
2022-04-20,bear_2022,20.32,,,182.71,121.65,80.29,28.4,77.24,43.6,50.6,4,mild_risk_on,134.18
2022-04-21,bear_2022,22.68,,,182.06,120.75,79.74,28.42,78.12,42.76,50.27,2,mild_risk_on,132.72
2022-04-22,bear_2022,28.21,,,180.29,119.99,79.26,27.83,76.31,42.38,49.37,1,neutral,136.22
2022-04-25,bear_2022,27.02,,,177.05,121.19,79.93,27.27,74.65,42.07,49.14,2,mild_risk_on,133.42
2022-04-26,bear_2022,33.52,,,177.32,122.41,79.46,26.9,76.46,41.15,48.37,1,neutral,137.43
2022-04-27,bear_2022,31.6,,,175.98,120.84,79.07,27.0,76.37,41.63,48.08,1,neutral,138.09
2022-04-28,bear_2022,29.99,,,176.93,121.02,79.51,26.84,78.08,42.23,48.96,1,neutral,136.35
2022-04-29,bear_2022,33.4,,,176.91,119.45,78.53,26.45,77.16,42.38,46.6,1,neutral,136.69
2022-05-02,bear_2022,32.34,,,173.63,117.18,78.23,25.9,78.38,42.32,45.39,1,neutral,131.4
2022-05-03,bear_2022,29.25,,,174.09,117.97,78.64,25.94,76.69,42.63,45.94,1,neutral,129.0
2022-05-04,bear_2022,25.42,,,175.8,118.62,79.44,26.5,80.22,43.09,46.48,2,mild_risk_on,127.75
2022-05-05,bear_2022,31.2,,,175.13,115.37,78.03,25.96,80.48,41.5,45.29,1,neutral,128.65
2022-05-06,bear_2022,30.19,,,175.42,113.67,77.59,25.75,82.13,40.93,44.83,0,neutral,126.21
2022-05-09,bear_2022,34.75,,,172.88,114.67,76.77,25.46,76.57,39.75,42.74,0,neutral,127.05
2022-05-10,bear_2022,32.99,,,171.42,115.71,77.21,25.23,74.53,39.94,41.79,0,neutral,125.86
2022-05-11,bear_2022,32.56,,,172.82,117.94,76.75,25.45,78.18,39.66,41.73,0,neutral,124.51
2022-05-12,bear_2022,31.77,,,170.17,117.72,76.72,24.73,79.23,39.4,42.04,0,neutral,119.91
2022-05-13,bear_2022,28.87,,,168.79,115.98,76.81,25.25,81.28,40.49,43.09,0,neutral,122.09
2022-05-16,bear_2022,27.47,,,170.4,115.86,76.7,25.47,83.11,40.33,42.74,1,neutral,117.53
2022-05-17,bear_2022,26.1,,,169.33,114.46,76.63,25.57,81.11,41.32,43.2,1,neutral,117.68
2022-05-18,bear_2022,30.96,,,169.42,116.9,76.0,25.07,79.29,40.33,41.94,0,neutral,123.46
2022-05-19,bear_2022,29.35,,,171.91,117.18,76.51,25.85,80.58,40.97,41.86,0,neutral,122.66
2022-05-20,bear_2022,29.43,,,172.03,118.51,76.46,25.97,81.65,41.14,42.35,0,neutral,122.32
2022-05-23,bear_2022,28.48,,,172.83,116.56,76.76,26.25,81.97,41.45,42.9,0,neutral,120.55
2022-05-24,bear_2022,29.45,,,174.13,118.86,77.22,26.1,82.0,40.73,43.4,0,neutral,122.96
2022-05-25,bear_2022,28.37,,,173.08,119.33,78.39,25.91,82.48,40.93,43.64,1,neutral,118.85
2022-05-26,bear_2022,27.5,,,172.76,118.79,79.48,25.85,84.59,41.57,43.59,2,mild_risk_on,122.28
2022-05-27,bear_2022,25.72,,,172.85,119.08,80.19,26.18,85.46,42.05,44.82,2,mild_risk_on,121.25
2022-05-30,bear_2022,26.54,,,,,,,,,,-1,mild_risk_off,
2022-05-31,bear_2022,26.19,,,171.14,116.56,79.5,25.97,85.47,42.64,44.22,2,mild_risk_on,119.1
2022-06-01,bear_2022,25.69,,,172.23,116.22,78.9,26.23,85.54,42.34,43.74,2,mild_risk_on,119.3
2022-06-02,bear_2022,24.72,,,174.35,116.28,79.23,27.62,87.25,43.07,44.4,2,mild_risk_on,121.4
2022-06-03,bear_2022,24.79,,,172.58,116.03,78.64,27.06,89.47,42.37,43.84,2,mild_risk_on,122.25
2022-06-06,bear_2022,25.07,,,171.82,113.89,78.05,26.88,88.39,42.6,43.71,2,mild_risk_on,122.36
2022-06-07,bear_2022,24.02,,,172.94,115.12,78.23,26.975,90.04,42.73,44.22,2,mild_risk_on,120.66
2022-06-08,bear_2022,23.96,,,172.78,114.1,77.56,26.83,91.99,42.96,43.16,1,neutral,119.13
2022-06-09,bear_2022,26.09,,,172.23,114.48,76.94,26.39,91.08,41.59,42.17,1,neutral,120.66
2022-06-10,bear_2022,27.75,,,174.54,113.77,75.63,26.04,90.13,41.13,41.17,1,neutral,121.64
2022-06-13,bear_2022,34.02,,,169.93,110.2,73.1,25.41,90.36,39.69,39.19,-2,mild_risk_off,124.14
2022-06-14,bear_2022,32.69,,,168.57,108.81,73.58,25.06,88.45,40.24,38.91,-2,mild_risk_off,125.16
2022-06-15,bear_2022,29.62,,,170.77,110.84,75.01,25.25,86.93,40.77,39.8,0,neutral,118.36
2022-06-16,bear_2022,32.95,,,172.69,111.72,73.82,24.84,87.66,39.52,38.85,-2,mild_risk_off,122.48
2022-06-17,bear_2022,31.13,,,171.27,112.08,74.05,24.37,83.34,39.67,39.08,0,neutral,121.15
2022-06-20,bear_2022,31.03,,,,,,,,,,-2,mild_risk_off,
2022-06-21,bear_2022,30.19,,,170.63,110.18,74.0,24.37,84.05,40.31,39.49,-2,mild_risk_off,121.38
2022-06-22,bear_2022,28.95,,,171.31,113.21,73.98,23.8,80.88,39.59,40.13,-2,mild_risk_off,119.22
2022-06-23,bear_2022,29.05,,,170.26,114.14,74.51,22.68,78.98,39.71,40.92,0,neutral,121.11
2022-06-24,bear_2022,27.23,,,170.09,112.56,75.04,22.6,81.27,40.65,41.81,1,neutral,120.43
2022-06-27,bear_2022,26.95,,,169.9,111.6,74.58,22.73,82.93,40.7,41.66,1,neutral,119.98
2022-06-28,bear_2022,28.36,,,169.62,112.12,73.76,22.71,84.72,40.45,41.09,-2,mild_risk_off,120.46
2022-06-29,bear_2022,28.16,,,169.49,113.87,73.65,22.8,82.95,40.29,40.83,-2,mild_risk_off,119.26
2022-06-30,bear_2022,28.71,,,168.46,114.87,73.61,22.22,80.35,40.1,40.86,-2,mild_risk_off,119.94
2022-07-01,bear_2022,26.7,,,168.32,115.82,73.98,21.82,81.67,39.85,41.59,-2,mild_risk_off,118.59
2022-07-04,bear_2022,27.53,,,,,,,,,,-1,mild_risk_off,
2022-07-05,bear_2022,27.54,,,164.75,116.73,73.91,20.74,74.78,39.54,41.42,-2,mild_risk_off,118.19
2022-07-06,bear_2022,26.73,,,162.14,114.77,73.63,20.78,73.67,39.3,41.39,-2,mild_risk_off,117.45
2022-07-07,bear_2022,26.08,,,162.23,113.76,74.83,21.34,76.55,40.09,41.42,0,neutral,118.76
2022-07-08,bear_2022,24.64,,,162.3,112.5,74.89,21.26,78.54,40.09,41.23,0,neutral,118.13
2022-07-11,bear_2022,26.17,,,161.43,114.44,74.47,20.65,78.23,39.02,41.23,0,neutral,119.8
2022-07-12,bear_2022,27.29,,,160.83,115.12,74.77,19.63,72.81,38.87,40.97,0,neutral,121.33
2022-07-13,bear_2022,26.82,,,161.6,116.44,74.69,20.04,73.19,38.78,40.75,0,neutral,120.41
2022-07-14,bear_2022,26.4,,,159.33,115.49,74.55,19.51,72.85,38.43,40.35,0,neutral,121.92
2022-07-15,bear_2022,24.23,,,159.01,116.14,75.5,19.51,73.74,38.63,41.0,0,neutral,122.48
2022-07-18,bear_2022,25.3,,,159.16,114.93,74.77,20.01,76.81,38.9,40.6,0,neutral,120.55
2022-07-19,bear_2022,24.5,,,159.54,114.31,75.76,19.86,78.05,39.54,41.72,0,neutral,120.04
2022-07-20,bear_2022,23.88,,,158.04,114.61,76.09,20.09,77.64,39.37,41.51,0,neutral,117.24
2022-07-21,bear_2022,23.11,,,160.27,116.59,76.99,19.95,75.49,39.82,41.94,0,neutral,118.71
2022-07-22,bear_2022,23.03,,,160.67,118.55,76.89,20.06,74.53,39.42,42.26,0,neutral,119.15
2022-07-25,bear_2022,23.36,,,160.23,117.39,76.87,20.38,76.22,39.56,42.29,0,neutral,119.46
2022-07-26,bear_2022,24.69,,,160.04,117.48,76.33,20.49,75.16,39.25,42.37,0,neutral,121.29
2022-07-27,bear_2022,23.24,,,161.67,116.82,77.17,21.0,77.87,39.98,42.6,0,neutral,121.92
2022-07-28,bear_2022,22.33,,,163.64,117.75,77.96,21.02,77.13,40.15,44.17,0,neutral,122.67
2022-07-29,bear_2022,21.33,,,164.1,117.43,78.19,21.7,78.05,39.96,44.34,3,mild_risk_on,122.29
2022-08-01,bear_2022,22.84,,,165.03,120.04,77.91,21.33,75.13,39.62,43.94,0,neutral,122.94
2022-08-02,bear_2022,23.93,,,164.05,117.5,77.55,21.05,75.93,39.43,43.36,0,neutral,121.78
2022-08-03,bear_2022,21.95,,,164.45,119.35,78.23,21.03,73.53,39.74,43.54,3,mild_risk_on,121.16
2022-08-04,bear_2022,21.44,,,167.17,119.31,78.44,21.1,71.53,40.02,43.58,3,mild_risk_on,122.81
2022-08-05,bear_2022,21.15,,,165.29,116.47,78.04,21.57,71.54,40.06,43.72,3,mild_risk_on,125.97
2022-08-08,bear_2022,21.29,,,166.69,118.35,78.11,21.74,73.54,40.11,44.04,3,mild_risk_on,123.69
2022-08-09,bear_2022,21.77,,,167.2,117.89,77.53,21.7,73.45,39.96,44.39,2,mild_risk_on,123.91
2022-08-10,bear_2022,19.74,,,166.78,117.12,78.69,22.0,74.32,40.46,44.99,3,mild_risk_on,125.04
2022-08-11,bear_2022,20.2,,,166.34,114.39,78.24,22.28,76.28,40.62,44.78,4,mild_risk_on,126.84
2022-08-12,bear_2022,19.53,,,167.87,115.55,78.94,22.2,74.98,41.05,45.54,4,mild_risk_on,129.34
2022-08-15,bear_2022,19.95,,,165.71,115.45,78.8,21.87,72.88,40.86,45.74,3,mild_risk_on,127.62
2022-08-16,bear_2022,19.69,,,165.42,115.93,78.43,21.86,71.24,40.85,45.56,3,mild_risk_on,126.09
2022-08-17,bear_2022,19.9,,,164.35,114.72,77.62,21.66,72.05,40.68,45.43,2,mild_risk_on,122.06
2022-08-18,bear_2022,19.56,,,163.92,114.89,77.74,22.03,74.21,40.45,45.12,3,mild_risk_on,124.22
2022-08-19,bear_2022,20.6,,,162.72,113.04,76.95,22.1,74.06,39.9,44.68,3,mild_risk_on,123.68
2022-08-22,bear_2022,23.8,,,161.64,112.66,76.08,22.04,74.68,39.55,43.75,1,neutral,123.93
2022-08-23,bear_2022,24.11,,,162.77,112.04,76.27,22.25,76.83,39.76,43.09,1,neutral,123.83
2022-08-24,bear_2022,22.82,,,163.25,111.22,76.36,21.96,78.04,39.75,43.43,0,neutral,122.78
2022-08-25,bear_2022,21.78,,,163.75,112.77,77.08,22.32,76.5,40.61,44.1,3,mild_risk_on,123.1
2022-08-26,bear_2022,25.56,,,161.76,113.62,75.81,22.19,75.85,40.01,42.98,1,neutral,124.57
2022-08-29,bear_2022,26.21,,,161.86,112.68,75.52,21.67,78.69,39.76,42.61,0,neutral,121.97
2022-08-30,bear_2022,26.21,,,160.51,112.96,74.94,21.37,75.47,39.29,42.0,0,neutral,121.01
2022-08-31,bear_2022,25.87,,,159.27,111.88,74.53,21.13,73.11,39.43,41.85,0,neutral,119.71
2022-09-01,bear_2022,25.56,,,157.87,109.6,74.36,20.5,70.95,39.12,42.0,0,neutral,120.74
2022-09-02,bear_2022,25.47,,,159.26,110.22,74.31,20.45,71.43,38.76,41.28,0,neutral,119.81
2022-09-05,bear_2022,25.99,,,,,,,,,,-1,mild_risk_off,
2022-09-06,bear_2022,26.91,,,158.33,107.49,74.11,20.84,71.42,38.3,41.71,0,neutral,119.84
2022-09-07,bear_2022,24.64,,,159.94,109.19,75.18,20.71,67.62,38.64,42.51,0,neutral,119.05
2022-09-08,bear_2022,23.61,,,158.98,108.07,75.51,21.33,68.09,38.43,42.63,0,neutral,119.08
2022-09-09,bear_2022,22.79,,,159.82,108.31,75.81,21.37,71.1,39.0,43.04,0,neutral,119.66
2022-09-12,bear_2022,23.87,,,160.63,107.42,76.04,21.75,72.37,39.58,43.4,0,neutral,121.06
2022-09-13,bear_2022,27.27,,,158.54,107.67,74.31,21.21,72.01,38.36,41.75,0,neutral,125.46
2022-09-14,bear_2022,26.16,,,157.93,108.04,74.42,21.12,72.73,38.55,41.24,0,neutral,120.19
2022-09-15,bear_2022,26.27,,,154.98,107.97,73.95,20.88,69.76,38.14,40.34,-2,mild_risk_off,119.97
2022-09-16,bear_2022,26.3,,,155.84,107.07,74.2,21.31,69.9,37.79,40.35,0,neutral,117.71
2022-09-19,bear_2022,25.76,,,155.96,107.32,74.48,21.22,70.05,37.91,39.91,0,neutral,116.26
2022-09-20,bear_2022,27.16,,,155.07,106.25,73.72,21.04,69.22,37.7,38.86,-2,mild_risk_off,116.69
2022-09-21,bear_2022,27.99,,,155.79,108.03,73.5,20.69,68.68,37.07,38.29,-2,mild_risk_off,116.21
2022-09-22,bear_2022,27.35,,,155.7,105.27,73.06,20.82,68.97,36.89,37.93,-2,mild_risk_off,115.86
2022-09-23,bear_2022,29.92,,,153.01,105.7,72.13,20.12,65.32,35.98,37.46,-3,recession_fear,118.99
2022-09-26,bear_2022,32.26,,,151.23,103.68,71.28,19.82,63.2,35.54,36.45,-3,recession_fear,120.01
2022-09-27,bear_2022,32.6,,,151.54,100.95,71.13,19.79,64.42,35.5,35.97,-3,recession_fear,120.39
2022-09-28,bear_2022,30.18,,,154.69,104.33,72.4,20.37,67.13,35.81,36.65,-3,recession_fear,120.38
2022-09-29,bear_2022,31.84,,,154.66,103.79,71.72,20.67,66.77,35.01,35.63,-3,recession_fear,121.54
2022-09-30,bear_2022,31.62,,,154.67,102.45,71.39,20.45,65.28,34.88,36.01,-3,recession_fear,123.59
2022-10-03,bear_2022,30.1,,,158.43,103.83,71.97,20.54,67.89,35.45,36.68,-3,recession_fear,121.38
2022-10-04,bear_2022,29.07,,,160.7,103.54,73.52,21.08,70.28,36.61,37.26,-3,recession_fear,122.46
2022-10-05,bear_2022,28.55,,,159.81,102.55,73.23,21.38,71.94,36.63,36.57,-3,recession_fear,121.78
2022-10-06,bear_2022,30.52,,,159.63,101.98,73.01,20.69,72.99,36.41,35.37,-3,recession_fear,122.44
2022-10-07,bear_2022,31.36,,,157.88,100.99,72.12,20.34,75.1,35.65,34.53,-3,recession_fear,121.81
2022-10-10,bear_2022,32.45,,,155.48,99.42,71.24,20.74,73.78,35.15,34.14,-3,recession_fear,120.07
2022-10-11,bear_2022,33.63,,,155.16,99.86,71.46,20.58,71.75,34.59,34.46,-3,recession_fear,120.12
2022-10-12,bear_2022,33.57,,,155.99,100.35,71.58,20.63,70.93,34.63,34.0,-3,recession_fear,119.99
2022-10-13,recovery_2023,31.94,,,154.91,99.39,71.74,20.88,72.52,34.73,34.64,-3,recession_fear,117.82
2022-10-14,recovery_2023,32.02,,,152.98,98.57,71.51,20.54,70.17,34.21,33.77,-3,recession_fear,119.3
2022-10-17,recovery_2023,31.37,,,153.42,98.09,72.39,20.47,70.13,35.15,35.03,-3,recession_fear,116.97
2022-10-18,recovery_2023,30.5,,,153.75,98.32,72.9,20.22,68.7,35.16,35.49,-3,recession_fear,116.88
2022-10-19,recovery_2023,30.76,,,151.69,96.53,72.2,19.99,70.04,34.52,34.6,-3,recession_fear,117.26
2022-10-20,recovery_2023,29.98,,,151.45,94.88,71.8,20.49,70.18,34.74,34.43,-3,recession_fear,117.41
2022-10-21,recovery_2023,29.69,,,154.15,93.17,72.49,20.98,70.57,35.27,34.67,-3,recession_fear,116.19
2022-10-24,recovery_2023,29.85,,,153.65,92.4,72.54,20.71,70.38,33.93,34.65,-3,recession_fear,114.97
2022-10-25,recovery_2023,28.46,,,154.0,95.09,73.24,20.53,70.61,34.21,36.02,-3,recession_fear,114.64
2022-10-26,recovery_2023,27.28,,,154.98,96.46,73.44,21.4,72.97,34.77,35.95,-2,mild_risk_off,113.86
2022-10-27,recovery_2023,27.39,,,154.74,97.47,73.98,21.23,73.62,34.5,35.97,-2,mild_risk_off,113.23
2022-10-28,recovery_2023,25.75,,,153.16,96.8,74.55,20.74,72.82,34.29,36.82,0,neutral,112.06
2022-10-31,recovery_2023,25.88,,,151.91,96.11,73.43,20.35,71.53,34.19,36.73,-2,mild_risk_off,111.96
2022-11-01,recovery_2023,25.81,,,153.46,96.77,73.59,20.95,73.12,34.82,36.67,-2,mild_risk_off,111.44
2022-11-02,recovery_2023,25.86,,,152.39,96.35,72.92,20.73,74.08,34.53,35.71,-2,mild_risk_off,111.99
2022-11-03,recovery_2023,25.3,,,151.81,95.83,72.4,20.65,73.29,34.73,35.69,-2,mild_risk_off,110.34
2022-11-04,recovery_2023,24.55,,,156.47,94.22,72.9,22.39,76.82,36.2,36.19,-1,mild_risk_off,111.62
2022-11-07,recovery_2023,24.35,,,155.85,93.28,72.89,21.69,76.56,36.22,36.18,-2,mild_risk_off,111.67
2022-11-08,recovery_2023,25.54,,,159.45,94.3,72.82,22.14,74.47,36.48,36.4,-1,mild_risk_off,113.55
2022-11-09,recovery_2023,26.09,,,158.65,94.61,71.95,22.14,71.67,35.85,36.0,-1,mild_risk_off,114.36
2022-11-10,recovery_2023,23.53,,,163.48,98.25,74.19,22.84,72.24,37.15,38.76,1,neutral,111.42
2022-11-11,recovery_2023,22.52,,,164.56,97.89,74.45,23.73,74.38,38.16,38.74,1,neutral,114.09
2022-11-14,recovery_2023,23.73,,,164.92,97.65,73.9,23.16,71.91,37.93,37.71,-1,mild_risk_off,113.67
2022-11-15,recovery_2023,24.54,,,165.5,99.23,74.55,23.04,73.25,38.8,38.18,1,neutral,115.94
2022-11-16,recovery_2023,24.11,,,165.12,101.4,74.39,22.69,72.04,38.18,37.91,1,neutral,115.56
2022-11-17,recovery_2023,23.93,,,163.92,100.33,74.07,22.19,70.14,38.25,37.57,1,neutral,115.24
2022-11-18,recovery_2023,23.12,,,162.79,99.64,74.23,21.96,69.03,38.03,38.05,0,neutral,114.97
2022-11-21,recovery_2023,22.36,,,161.88,100.06,74.2,21.6,69.03,37.55,38.32,0,neutral,114.52
2022-11-22,recovery_2023,21.29,,,162.07,101.48,74.74,21.87,69.98,37.64,38.51,2,mild_risk_on,116.24
2022-11-23,recovery_2023,20.35,,,163.08,103.25,75.16,21.96,67.41,37.95,38.57,2,mild_risk_on,118.65
2022-11-24,recovery_2023,20.42,,,,,,,,,,1,neutral,
2022-11-25,recovery_2023,20.5,,,163.22,102.9,75.01,21.81,66.96,37.77,38.8,2,mild_risk_on,128.11
2022-11-28,recovery_2023,22.21,,,161.93,103.19,74.22,21.69,66.88,37.6,37.71,0,neutral,118.47
2022-11-29,recovery_2023,21.89,,,162.73,101.98,74.54,22.01,68.34,38.41,38.34,3,mild_risk_on,120.38
2022-11-30,recovery_2023,20.58,,,164.81,102.73,75.66,22.82,70.23,39.52,39.24,3,mild_risk_on,118.47
2022-12-01,recovery_2023,19.84,,,167.84,105.76,75.62,22.9,70.45,39.39,39.16,3,mild_risk_on,117.79
2022-12-02,recovery_2023,19.06,,,167.26,107.09,75.56,23.3,69.84,39.54,38.97,3,mild_risk_on,118.11
2022-12-05,recovery_2023,20.75,,,164.39,105.59,74.84,22.87,67.72,39.09,38.31,3,mild_risk_on,117.75
2022-12-06,recovery_2023,22.17,,,164.84,106.95,74.57,23.06,65.23,39.04,38.02,1,neutral,117.11
2022-12-07,recovery_2023,22.68,,,166.33,109.47,74.98,23.26,63.65,38.81,38.1,1,neutral,117.81
2022-12-08,recovery_2023,22.29,,,166.47,109.17,75.04,23.43,62.71,39.28,38.38,1,neutral,117.54
2022-12-09,recovery_2023,22.83,,,167.06,106.33,75.04,23.23,62.85,39.02,38.3,1,neutral,119.24
2022-12-12,recovery_2023,25.0,,,165.68,106.67,75.33,23.03,64.41,38.9,38.62,1,neutral,121.86
2022-12-13,recovery_2023,22.55,,,168.51,107.7,76.11,23.24,65.86,38.59,39.47,1,neutral,122.73
2022-12-14,recovery_2023,21.14,,,168.1,108.16,75.68,23.3,67.36,38.61,39.09,3,mild_risk_on,124.23
2022-12-15,recovery_2023,22.83,,,165.35,108.32,75.0,22.79,66.15,37.72,38.64,1,neutral,124.49
2022-12-16,recovery_2023,22.62,,,166.79,107.11,74.6,22.78,64.9,37.83,37.5,1,neutral,120.04
2022-12-19,recovery_2023,22.42,,,166.32,105.31,74.22,22.73,66.07,37.86,36.64,1,neutral,117.09
2022-12-20,recovery_2023,21.48,,,169.08,103.44,74.03,23.02,66.22,37.85,36.56,3,mild_risk_on,115.57
2022-12-21,recovery_2023,20.07,,,168.8,103.7,74.66,23.07,68.06,38.19,36.93,3,mild_risk_on,114.25
2022-12-22,recovery_2023,21.97,,,166.76,103.68,74.2,22.73,67.7,37.85,36.75,3,mild_risk_on,114.42
2022-12-23,recovery_2023,20.87,,,167.26,102.16,74.39,23.06,69.32,37.8,37.08,3,mild_risk_on,114.57
2022-12-27,recovery_2023,21.65,,,168.67,100.14,73.62,23.02,69.53,38.36,37.05,1,neutral,113.44
2022-12-28,recovery_2023,22.14,,,167.91,99.55,72.63,23.16,68.58,37.8,36.46,-1,mild_risk_off,112.03
2022-12-29,recovery_2023,21.44,,,168.85,100.68,73.57,23.16,68.53,38.43,37.27,1,neutral,113.27
2022-12-30,recovery_2023,21.67,,,169.64,99.56,73.63,23.09,70.11,37.9,36.93,1,neutral,113.57
2023-01-03,recovery_2023,22.9,,,171.06,101.46,73.77,22.79,67.64,38.22,37.07,-1,mild_risk_off,112.74
2023-01-04,recovery_2023,22.01,,,172.67,102.85,74.62,22.66,64.3,39.37,37.92,1,neutral,112.14
2023-01-05,recovery_2023,22.46,,,170.52,103.28,74.47,23.18,64.78,39.25,36.81,1,neutral,112.67
2023-01-06,recovery_2023,21.13,,,173.71,105.18,75.53,23.79,64.83,40.07,37.88,3,mild_risk_on,113.86
2023-01-09,recovery_2023,21.97,,,174.1,105.74,75.8,24.29,65.88,40.37,37.86,3,mild_risk_on,114.42
2023-01-10,recovery_2023,20.58,,,174.74,103.99,75.71,24.69,65.9,40.66,37.97,3,mild_risk_on,114.65
2023-01-11,recovery_2023,21.09,,,174.62,105.68,76.21,25.34,68.05,40.83,39.35,3,mild_risk_on,115.1
2023-01-12,recovery_2023,18.83,,,176.64,107.76,76.64,25.25,68.61,41.03,39.79,3,mild_risk_on,117.39
2023-01-13,recovery_2023,18.35,,,178.76,106.75,76.64,25.55,70.05,41.3,39.56,3,mild_risk_on,121.7
2023-01-16,recovery_2023,19.49,,,,,,,,,,1,neutral,
2023-01-17,recovery_2023,19.36,,,177.59,106.06,76.38,25.67,70.86,41.07,39.57,3,mild_risk_on,120.01
2023-01-18,recovery_2023,20.34,,,177.08,108.63,76.47,25.57,69.51,40.79,38.96,3,mild_risk_on,119.91
2023-01-19,recovery_2023,20.52,,,179.89,107.95,76.02,25.77,70.59,41.1,38.77,3,mild_risk_on,121.23
2023-01-20,recovery_2023,19.85,,,179.29,106.2,76.17,25.93,71.55,41.73,39.22,3,mild_risk_on,120.19
2023-01-23,recovery_2023,19.81,,,179.63,105.7,76.16,25.79,71.5,42.03,39.33,3,mild_risk_on,120.91
2023-01-24,recovery_2023,19.2,,,180.28,107.22,76.21,25.84,70.22,42.06,39.5,3,mild_risk_on,121.34
2023-01-25,recovery_2023,19.08,,,181.11,107.48,76.2,25.88,70.51,42.1,39.54,3,mild_risk_on,121.04
2023-01-26,recovery_2023,18.73,,,179.47,106.98,76.39,25.96,70.93,42.5,39.99,3,mild_risk_on,121.49
2023-01-27,recovery_2023,18.51,,,179.22,106.71,76.16,25.62,69.5,42.3,40.35,3,mild_risk_on,121.97
2023-01-30,recovery_2023,19.94,,,178.76,106.32,75.74,25.37,68.1,41.45,39.86,3,mild_risk_on,120.69
2023-01-31,recovery_2023,19.4,,,179.41,107.17,76.33,25.64,69.32,41.36,40.59,3,mild_risk_on,123.29
2023-02-01,recovery_2023,17.87,,,181.67,108.18,76.76,25.44,67.36,41.87,40.89,4,mild_risk_on,122.19
2023-02-02,recovery_2023,18.73,,,177.9,108.32,77.2,24.82,66.57,41.62,41.83,3,mild_risk_on,123.88
2023-02-03,recovery_2023,18.33,,,173.46,106.7,76.39,24.56,64.4,40.88,40.96,3,mild_risk_on,123.08
2023-02-06,recovery_2023,19.43,,,173.82,105.91,75.9,24.53,65.5,40.28,40.7,3,mild_risk_on,123.01
2023-02-07,recovery_2023,18.66,,,173.98,105.06,76.17,24.74,67.76,40.44,40.54,3,mild_risk_on,123.36
2023-02-08,recovery_2023,19.63,,,174.41,105.56,75.85,24.57,68.68,40.39,40.43,3,mild_risk_on,121.52
2023-02-09,recovery_2023,20.71,,,173.03,104.56,75.36,24.75,67.92,40.58,40.04,3,mild_risk_on,120.58
2023-02-10,recovery_2023,20.53,,,173.36,103.39,74.78,24.42,69.87,40.19,40.12,3,mild_risk_on,120.88
2023-02-13,recovery_2023,20.34,,,172.48,104.26,74.97,24.72,69.5,40.52,40.49,3,mild_risk_on,122.48
2023-02-14,recovery_2023,18.91,,,172.61,104.02,74.99,24.9,69.4,40.45,40.07,3,mild_risk_on,121.27
2023-02-15,recovery_2023,18.23,,,170.89,103.05,74.87,24.52,69.02,40.11,40.18,3,mild_risk_on,121.36
2023-02-16,recovery_2023,20.17,,,170.75,101.59,74.27,25.01,68.45,40.12,39.81,3,mild_risk_on,123.09
2023-02-17,recovery_2023,20.02,,,171.26,102.38,74.56,25.06,67.02,39.68,39.61,3,mild_risk_on,122.89
2023-02-20,recovery_2023,21.23,,,,,,,,,,1,neutral,
2023-02-21,recovery_2023,22.87,,,170.62,100.39,73.41,25.55,66.69,39.18,38.83,-1,mild_risk_off,124.09
2023-02-22,recovery_2023,22.29,,,169.66,101.31,73.89,25.32,64.92,38.99,38.48,-1,mild_risk_off,122.81
2023-02-23,recovery_2023,21.14,,,169.57,102.3,74.62,24.65,66.38,39.18,38.85,3,mild_risk_on,121.85
2023-02-24,recovery_2023,21.67,,,168.35,100.97,74.17,24.06,67.1,38.3,38.13,3,mild_risk_on,121.22
2023-02-27,recovery_2023,20.95,,,169.01,101.25,74.67,24.44,66.25,38.5,38.19,3,mild_risk_on,120.54
2023-02-28,recovery_2023,20.7,,,169.78,101.71,74.53,24.84,67.21,38.23,38.21,3,mild_risk_on,120.01
2023-03-01,recovery_2023,20.58,,,170.76,100.37,73.87,25.39,68.07,39.05,37.62,1,neutral,118.89
2023-03-02,recovery_2023,19.59,,,170.66,99.48,73.96,24.81,68.3,39.19,38.11,1,neutral,117.58
2023-03-03,recovery_2023,18.49,,,172.49,101.89,74.72,24.852,69.86,39.54,38.75,3,mild_risk_on,118.14
2023-03-06,recovery_2023,18.61,,,171.62,101.1,74.72,24.87,70.49,39.4,38.6,3,mild_risk_on,120.19
2023-03-07,recovery_2023,19.59,,,168.62,101.72,74.19,24.23,67.85,38.74,37.63,3,mild_risk_on,120.56
2023-03-08,recovery_2023,19.11,,,168.54,101.82,73.84,24.54,67.1,38.9,38.16,1,neutral,119.32
2023-03-09,recovery_2023,22.61,,,170.2,102.07,73.43,24.48,66.24,38.04,37.29,-1,mild_risk_off,122.22
2023-03-10,recovery_2023,24.8,,,173.87,105.59,73.44,24.4,67.14,37.84,36.1,-1,mild_risk_off,130.27
2023-03-13,recovery_2023,26.52,,,177.86,105.83,73.04,24.7,65.25,37.9,36.68,-1,mild_risk_off,132.14
2023-03-14,recovery_2023,23.73,,,176.83,104.09,73.57,24.49,62.93,37.92,37.06,-1,mild_risk_off,132.72
2023-03-15,recovery_2023,26.14,,,178.21,106.1,73.33,23.7,60.02,37.27,37.08,-1,mild_risk_off,136.62
2023-03-16,recovery_2023,22.99,,,178.57,105.27,73.81,23.59,60.05,37.84,37.08,-1,mild_risk_off,134.53
2023-03-17,recovery_2023,25.51,,,183.77,106.85,73.37,23.75,58.66,37.61,36.23,-1,mild_risk_off,131.34
2023-03-20,recovery_2023,24.15,,,183.84,105.91,73.17,24.17,59.79,37.75,36.36,-1,mild_risk_off,129.91
2023-03-21,recovery_2023,21.38,,,180.37,105.0,73.97,24.47,61.23,38.09,36.15,1,neutral,127.46
2023-03-22,recovery_2023,22.26,,,183.44,106.4,74.04,24.66,61.61,38.24,34.83,1,neutral,123.16
2023-03-23,recovery_2023,22.61,,,185.74,106.4,73.75,24.96,60.99,38.77,34.62,-1,mild_risk_off,125.5
2023-03-24,recovery_2023,21.74,,,183.65,106.85,73.6,24.84,60.96,38.67,35.51,1,neutral,126.88
2023-03-27,recovery_2023,20.6,,,181.95,104.34,73.42,24.98,64.15,38.46,35.39,1,neutral,126.0
2023-03-28,recovery_2023,19.97,,,183.44,104.53,73.38,24.87,64.55,39.01,35.27,1,neutral,122.9
2023-03-29,recovery_2023,19.12,,,182.53,104.32,74.3,24.92,64.15,39.12,36.11,3,mild_risk_on,123.76
2023-03-30,recovery_2023,19.02,,,184.18,104.8,74.74,25.12,65.32,39.51,36.58,3,mild_risk_on,126.31
2023-03-31,recovery_2023,18.7,,,183.22,106.37,75.55,24.94,66.44,39.46,37.38,3,mild_risk_on,125.85
2023-04-03,recovery_2023,18.55,,,184.54,106.6,75.15,24.77,70.27,39.54,37.03,3,mild_risk_on,126.21
2023-04-04,recovery_2023,19.0,,,187.98,107.13,74.93,24.29,70.27,39.54,37.04,3,mild_risk_on,127.03
2023-04-05,recovery_2023,19.08,,,187.83,108.25,74.51,24.41,70.24,39.23,36.85,3,mild_risk_on,126.98
2023-04-06,recovery_2023,18.4,,,186.49,108.53,74.84,24.58,70.26,39.39,37.1,3,mild_risk_on,124.42
2023-04-10,recovery_2023,18.97,,,185.11,106.78,74.77,24.39,69.76,39.43,37.29,3,mild_risk_on,126.96
2023-04-11,recovery_2023,19.1,,,186.28,107.0,74.93,24.68,71.07,39.67,37.47,3,mild_risk_on,127.42
2023-04-12,recovery_2023,19.09,,,187.19,106.89,74.91,24.91,72.43,39.39,37.36,3,mild_risk_on,130.0
2023-04-13,recovery_2023,17.8,,,189.72,106.05,75.42,25.25,71.8,39.93,37.24,4,mild_risk_on,132.36
2023-04-14,recovery_2023,17.07,,,186.36,105.08,75.28,25.14,72.09,39.72,36.6,4,mild_risk_on,134.65
2023-04-17,recovery_2023,16.95,,,185.53,103.83,75.08,24.94,70.84,39.89,37.43,4,mild_risk_on,135.04
2023-04-18,recovery_2023,16.83,,,186.25,104.2,75.13,25.05,70.73,39.84,37.37,4,mild_risk_on,137.12
2023-04-19,recovery_2023,16.46,,,185.36,104.1,74.83,24.89,69.3,39.44,37.59,4,mild_risk_on,130.48
2023-04-20,recovery_2023,17.17,,,186.09,104.99,74.76,24.61,67.6,39.38,37.14,4,mild_risk_on,133.49
2023-04-21,recovery_2023,16.77,,,184.25,104.4,74.99,24.43,68.21,39.01,37.18,4,mild_risk_on,132.94
2023-04-24,recovery_2023,16.89,,,184.81,105.41,75.2,24.35,69.25,38.92,37.08,4,mild_risk_on,132.4
2023-04-25,recovery_2023,18.76,,,185.75,106.96,75.08,23.66,67.62,38.19,36.74,3,mild_risk_on,130.29
2023-04-26,recovery_2023,18.84,,,184.74,105.82,74.79,23.61,65.36,38.41,36.44,3,mild_risk_on,130.5
2023-04-27,recovery_2023,17.03,,,184.75,104.77,75.04,23.83,65.81,38.93,37.32,4,mild_risk_on,136.6
2023-04-28,recovery_2023,15.78,,,184.8,106.46,75.36,23.85,67.5,39.13,37.75,4,mild_risk_on,138.44
2023-05-01,recovery_2023,16.08,,,183.97,103.13,74.69,24.12,66.55,39.0,37.4,4,mild_risk_on,135.66
2023-05-02,recovery_2023,17.78,,,187.52,105.7,74.62,23.71,63.05,38.62,36.76,4,mild_risk_on,131.09
2023-05-03,recovery_2023,18.34,,,189.11,106.29,74.58,23.58,60.31,38.56,36.53,3,mild_risk_on,130.41
2023-05-04,recovery_2023,20.09,,,190.44,105.24,74.36,23.65,60.7,38.87,36.87,3,mild_risk_on,130.54
2023-05-05,recovery_2023,17.19,,,187.46,104.89,74.76,23.91,63.03,39.39,37.44,4,mild_risk_on,134.32
2023-05-08,recovery_2023,16.98,,,187.69,103.42,74.55,24.094,64.26,39.41,37.18,4,mild_risk_on,132.32
2023-05-09,recovery_2023,17.71,,,189.02,103.05,74.36,24.03,64.87,39.17,37.06,4,mild_risk_on,133.88
2023-05-10,recovery_2023,16.94,,,188.75,104.05,74.81,23.63,64.39,39.15,37.41,4,mild_risk_on,138.63
2023-05-11,recovery_2023,16.93,,,187.13,105.15,74.69,22.75,63.25,39.01,37.02,4,mild_risk_on,138.18
2023-05-12,recovery_2023,17.03,,,186.81,104.27,74.42,22.9,62.07,38.55,37.09,4,mild_risk_on,140.26
2023-05-15,recovery_2023,17.12,,,187.21,103.19,74.4,23.0,62.99,39.26,37.02,4,mild_risk_on,138.57
2023-05-16,recovery_2023,17.99,,,184.87,102.88,73.88,22.5,62.54,38.98,36.03,2,mild_risk_on,137.32
2023-05-17,recovery_2023,16.87,,,184.23,102.58,74.08,23.06,64.6,39.16,36.5,4,mild_risk_on,137.53
2023-05-18,recovery_2023,16.05,,,181.84,101.82,74.12,22.76,64.04,38.95,36.27,4,mild_risk_on,138.06
2023-05-19,recovery_2023,16.81,,,183.64,101.1,74.2,22.93,63.9,38.98,36.21,4,mild_risk_on,135.52
2023-05-22,recovery_2023,17.21,,,183.21,100.74,74.53,22.65,63.91,39.3,36.45,4,mild_risk_on,136.24
2023-05-23,recovery_2023,18.53,,,183.43,101.03,74.14,22.4,64.87,38.69,36.0,3,mild_risk_on,136.42
2023-05-24,recovery_2023,20.03,,,181.95,100.53,73.62,21.94,65.66,38.4,35.21,0,neutral,138.37
2023-05-25,recovery_2023,19.14,,,180.2,100.28,73.57,22.16,64.09,38.32,35.29,1,neutral,140.73
2023-05-26,recovery_2023,17.95,,,180.92,101.09,74.02,22.61,64.8,39.0,35.7,4,mild_risk_on,146.46
2023-05-29,recovery_2023,17.46,,,,,,,,,,2,mild_risk_on,
2023-05-30,recovery_2023,17.46,,,182.04,102.1,74.34,22.56,62.3,38.55,35.81,4,mild_risk_on,145.14
2023-05-31,recovery_2023,17.94,,,182.32,102.99,74.11,22.62,60.63,38.19,36.04,4,mild_risk_on,158.3
2023-06-01,recovery_2023,15.65,,,183.76,103.12,74.2,22.84,62.55,38.87,36.05,4,mild_risk_on,151.98
2023-06-02,recovery_2023,14.6,,,181.05,101.99,74.58,22.98,64.15,39.54,36.81,5,risk_on,142.61
2023-06-05,recovery_2023,14.73,,,182.14,101.8,74.52,23.15,64.03,39.53,36.64,5,risk_on,143.18
2023-06-06,recovery_2023,13.96,,,182.34,102.4,74.64,23.17,63.79,39.88,36.86,5,risk_on,146.27
2023-06-07,recovery_2023,13.94,,,180.15,100.88,74.23,23.13,64.71,39.4,37.54,5,risk_on,151.01
2023-06-08,recovery_2023,13.65,,,182.53,102.06,74.7,23.3,63.46,39.68,37.31,5,risk_on,155.53
2023-06-09,recovery_2023,13.83,,,182.04,101.92,74.72,23.28,62.93,39.86,37.12,5,risk_on,152.78
2023-06-12,recovery_2023,15.01,,,181.88,102.22,74.64,23.13,60.24,39.94,37.1,4,mild_risk_on,157.71
2023-06-13,recovery_2023,14.61,,,180.54,101.21,74.73,23.56,62.14,40.34,37.37,5,risk_on,156.44
2023-06-14,recovery_2023,13.88,,,180.64,102.02,74.76,23.69,61.83,40.64,37.57,5,risk_on,150.37
2023-06-15,recovery_2023,14.5,,,181.91,103.0,75.12,23.97,63.41,41.02,37.73,5,risk_on,147.86
2023-06-16,recovery_2023,13.54,,,181.63,102.6,74.93,23.87,64.35,40.88,37.69,5,risk_on,143.07
2023-06-19,recovery_2023,14.19,,,,,,,,,,3,mild_risk_on,
2023-06-20,recovery_2023,13.88,,,179.75,103.31,74.73,23.95,63.92,40.08,36.93,5,risk_on,138.75
2023-06-21,recovery_2023,13.2,,,179.49,103.56,74.54,23.97,65.04,39.89,36.77,5,risk_on,133.72
2023-06-22,recovery_2023,12.91,,,177.71,102.31,74.32,24.0,62.52,39.75,36.25,5,risk_on,136.15
2023-06-23,recovery_2023,13.44,,,178.2,103.33,74.19,23.54,62.42,39.17,35.86,5,risk_on,137.85
2023-06-26,recovery_2023,14.25,,,178.51,103.44,74.23,23.38,62.73,39.3,36.66,5,risk_on,140.09
2023-06-27,recovery_2023,13.74,,,177.69,103.17,74.48,23.37,61.3,39.7,37.06,5,risk_on,140.56
2023-06-28,recovery_2023,13.43,,,177.28,103.61,74.91,22.93,62.52,39.46,37.16,5,risk_on,138.37
2023-06-29,recovery_2023,13.54,,,177.09,101.74,74.71,22.75,62.96,39.25,37.5,5,risk_on,143.05
2023-06-30,recovery_2023,13.59,,,178.27,102.94,75.07,23.2,63.55,39.56,37.69,5,risk_on,149.96
2023-07-03,recovery_2023,13.57,,,178.47,102.08,74.55,23.34,63.39,40.0,37.99,5,risk_on,145.24
2023-07-04,recovery_2023,13.7,,,,,,,,,,3,mild_risk_on,
2023-07-05,recovery_2023,14.18,,,177.84,101.11,74.32,23.17,64.63,39.76,38.18,5,risk_on,144.08
2023-07-06,recovery_2023,15.44,,,177.31,99.68,73.78,23.11,64.44,38.95,37.97,2,mild_risk_on,148.45
2023-07-07,recovery_2023,14.83,,,178.64,99.08,73.85,23.31,65.85,39.39,37.79,3,mild_risk_on,148.13
2023-07-10,recovery_2023,15.07,,,178.78,99.21,74.22,23.41,65.54,39.42,37.92,4,mild_risk_on,142.49
2023-07-11,recovery_2023,14.84,,,179.45,99.72,74.62,23.26,67.03,39.82,38.35,5,risk_on,143.99
2023-07-12,recovery_2023,13.54,,,181.88,100.83,75.2,23.772,67.87,40.71,38.53,5,risk_on,148.32
2023-07-13,recovery_2023,13.61,,,182.01,101.89,75.65,24.36,69.09,41.24,38.79,5,risk_on,147.08
2023-07-14,recovery_2023,13.34,,,181.43,101.29,75.1,24.2,67.47,41.01,38.79,5,risk_on,149.48
2023-07-17,recovery_2023,13.48,,,181.56,101.34,75.24,23.71,66.58,41.06,38.46,5,risk_on,142.24
2023-07-18,recovery_2023,13.3,,,183.64,101.8,75.45,23.65,67.96,40.76,38.14,5,risk_on,141.86
2023-07-19,recovery_2023,13.76,,,183.67,102.95,75.51,23.55,67.69,40.68,38.56,5,risk_on,141.25
2023-07-20,recovery_2023,13.99,,,182.74,101.7,75.18,23.65,68.05,40.38,38.43,5,risk_on,142.82
2023-07-21,recovery_2023,13.6,,,182.18,101.73,75.37,23.56,68.99,40.32,38.6,5,risk_on,142.55
2023-07-24,recovery_2023,13.91,,,181.4,101.36,75.24,23.76,70.69,40.87,38.97,5,risk_on,143.75
2023-07-25,recovery_2023,13.86,,,182.41,101.17,75.19,24.27,71.16,41.21,38.68,5,risk_on,142.18
2023-07-26,recovery_2023,13.19,,,183.3,101.27,75.49,24.17,70.66,41.45,38.82,5,risk_on,143.58
2023-07-27,recovery_2023,14.41,,,180.42,99.3,74.89,23.76,71.43,40.94,38.0,5,risk_on,147.93
2023-07-28,recovery_2023,13.33,,,181.86,99.81,75.32,24.33,72.09,41.93,37.89,5,risk_on,143.48
2023-07-31,recovery_2023,13.63,,,182.35,100.05,75.5,24.82,73.17,41.95,38.19,5,risk_on,145.47
2023-08-01,recovery_2023,13.93,,,180.46,98.14,74.77,24.2,72.96,41.42,38.12,5,risk_on,142.57
2023-08-02,recovery_2023,16.09,,,179.6,97.09,74.45,23.76,71.48,40.43,37.96,4,mild_risk_on,145.75
2023-08-03,recovery_2023,15.92,,,179.54,94.85,74.21,24.1,73.14,40.59,37.44,4,mild_risk_on,147.38
2023-08-04,recovery_2023,17.1,,,180.19,96.53,74.65,23.89,73.79,40.54,37.07,4,mild_risk_on,153.35
2023-08-07,recovery_2023,15.77,,,179.78,95.58,74.79,23.79,73.82,40.48,37.54,4,mild_risk_on,148.54
2023-08-08,recovery_2023,15.99,,,178.64,96.69,74.95,23.38,74.06,39.99,37.35,4,mild_risk_on,142.3
2023-08-09,recovery_2023,15.96,,,177.79,97.19,74.96,23.45,75.1,40.09,37.44,4,mild_risk_on,137.12
2023-08-10,recovery_2023,15.85,,,177.6,95.59,74.94,23.27,74.2,40.15,37.32,4,mild_risk_on,136.58
2023-08-11,recovery_2023,14.84,,,177.6,95.37,74.83,23.08,74.25,39.56,37.39,5,risk_on,135.16
2023-08-14,recovery_2023,14.82,,,177.06,95.16,74.82,23.08,73.81,39.37,37.19,5,risk_on,136.9
2023-08-15,recovery_2023,16.46,,,176.59,94.58,74.58,22.71,72.62,38.92,36.81,4,mild_risk_on,136.69
2023-08-16,recovery_2023,16.78,,,175.57,93.84,74.35,22.65,71.37,38.57,36.36,4,mild_risk_on,132.09
2023-08-17,recovery_2023,17.89,,,175.3,93.44,74.04,22.85,71.98,38.66,36.09,4,mild_risk_on,132.51
2023-08-18,recovery_2023,17.3,,,175.33,93.77,74.09,22.98,72.79,38.4,36.19,4,mild_risk_on,134.77
2023-08-21,recovery_2023,17.13,,,175.81,92.52,74.07,23.1,72.58,38.49,35.88,4,mild_risk_on,133.59
2023-08-22,recovery_2023,16.97,,,176.1,93.23,74.11,23.31,72.28,38.41,35.99,4,mild_risk_on,134.06
2023-08-23,recovery_2023,15.98,,,177.89,95.54,74.71,23.54,71.36,39.02,36.52,4,mild_risk_on,131.82
2023-08-24,recovery_2023,17.2,,,177.85,94.91,74.3,23.27,71.41,38.87,36.35,4,mild_risk_on,132.48
2023-08-25,recovery_2023,15.68,,,177.62,95.22,74.61,23.24,72.45,38.91,36.45,4,mild_risk_on,132.27
2023-08-28,recovery_2023,15.08,,,178.13,95.32,74.89,23.4,72.41,39.29,36.74,4,mild_risk_on,130.19
2023-08-29,recovery_2023,14.45,,,179.87,96.31,75.36,23.65,73.32,39.79,37.16,5,risk_on,135.23
2023-08-30,recovery_2023,13.88,,,180.32,96.21,75.33,23.65,73.66,39.66,37.29,5,risk_on,142.14
2023-08-31,recovery_2023,13.57,,,180.02,96.64,75.28,23.54,75.06,39.17,37.02,5,risk_on,144.7
2023-09-01,recovery_2023,13.09,,,180.11,94.85,75.07,23.71,76.92,39.63,37.0,5,risk_on,144.28
2023-09-04,recovery_2023,13.82,,,,,,,,,,3,mild_risk_on,
2023-09-05,recovery_2023,14.01,,,178.64,93.52,74.58,23.62,77.76,39.31,36.63,5,risk_on,139.62
2023-09-06,recovery_2023,14.45,,,177.83,93.75,74.4,23.34,78.52,39.09,36.56,5,risk_on,137.88
2023-09-07,recovery_2023,14.4,,,178.02,94.01,74.65,23.21,77.95,38.63,36.86,5,risk_on,135.59
2023-09-08,recovery_2023,13.84,,,178.08,94.37,74.62,22.87,78.3,38.71,36.62,5,risk_on,138.18
2023-09-11,recovery_2023,13.8,,,178.41,93.69,74.75,23.43,78.37,39.19,36.64,5,risk_on,138.21
2023-09-12,recovery_2023,14.23,,,177.49,94.23,74.63,23.37,79.7,39.07,36.64,5,risk_on,136.25
2023-09-13,recovery_2023,13.48,,,177.08,94.21,74.83,23.35,79.68,39.02,36.27,5,risk_on,137.42
2023-09-14,recovery_2023,12.82,,,177.17,93.53,74.92,23.53,81.12,39.28,36.93,5,risk_on,144.32
2023-09-15,recovery_2023,13.79,,,178.34,92.96,74.64,23.44,81.29,39.13,36.79,5,risk_on,142.92
2023-09-18,recovery_2023,14.0,,,179.39,93.49,74.69,23.33,81.45,39.08,36.18,5,risk_on,137.65
2023-09-19,recovery_2023,14.11,,,179.22,92.8,74.46,23.13,81.5,38.85,35.99,5,risk_on,137.31
2023-09-20,recovery_2023,15.14,,,179.35,93.09,74.4,23.04,80.14,38.69,36.06,4,mild_risk_on,135.74
2023-09-21,recovery_2023,17.54,,,178.05,90.7,73.87,22.83,80.41,38.02,34.81,2,mild_risk_on,135.94
2023-09-22,recovery_2023,17.2,,,178.62,91.43,74.0,22.84,80.63,38.47,34.57,2,mild_risk_on,137.74
2023-09-25,recovery_2023,16.9,,,177.7,89.18,73.9,22.73,80.39,38.3,34.51,2,mild_risk_on,133.06
2023-09-26,recovery_2023,18.94,,,176.28,88.87,73.58,22.54,80.88,37.76,33.9,1,neutral,136.3
2023-09-27,recovery_2023,18.22,,,174.1,88.41,73.48,22.5,82.9,37.82,33.6,1,neutral,135.38
2023-09-28,recovery_2023,17.34,,,173.23,88.68,73.83,22.908,81.57,37.92,33.95,2,mild_risk_on,133.48
2023-09-29,recovery_2023,17.52,,,171.45,88.69,73.72,23.02,80.86,37.95,34.07,2,mild_risk_on,134.5
2023-10-02,recovery_2023,17.61,,,169.65,86.93,72.89,22.53,79.39,37.76,33.45,2,mild_risk_on,129.17
2023-10-03,recovery_2023,19.78,,,169.16,85.06,72.15,22.4,79.93,37.26,32.84,1,neutral,129.78
2023-10-04,recovery_2023,18.58,,,169.14,86.26,72.52,22.19,75.59,37.15,33.19,1,neutral,130.68
2023-10-05,recovery_2023,18.49,,,168.83,85.83,72.59,22.06,73.99,37.29,33.43,1,neutral,129.75
2023-10-06,recovery_2023,17.45,,,169.7,84.79,72.69,22.45,74.16,37.83,33.56,2,mild_risk_on,129.36
2023-10-09,recovery_2023,17.7,,,172.82,86.78,73.23,22.67,77.13,37.65,34.0,2,mild_risk_on,133.64
2023-10-10,recovery_2023,17.03,,,172.53,86.66,73.21,22.44,76.71,38.19,34.12,2,mild_risk_on,135.17
2023-10-11,recovery_2023,16.09,,,173.79,88.47,73.2,22.34,75.67,38.43,34.81,2,mild_risk_on,137.61
2023-10-12,recovery_2023,16.69,,,173.26,86.07,72.81,22.23,75.42,38.0,34.35,2,mild_risk_on,136.13
2023-10-13,recovery_2023,19.32,,,178.83,87.61,72.75,22.14,78.99,37.86,34.34,1,neutral,144.3
2023-10-16,recovery_2023,17.21,,,177.96,86.2,72.73,22.19,78.39,38.14,34.69,2,mild_risk_on,137.95
2023-10-17,recovery_2023,17.88,,,178.29,85.25,72.39,22.2,78.8,38.04,34.51,2,mild_risk_on,138.72
2023-10-18,recovery_2023,19.22,,,180.87,84.5,72.04,22.224,79.84,37.46,33.75,1,neutral,137.1
2023-10-19,recovery_2023,21.4,,,183.09,82.77,71.78,22.33,81.68,37.24,32.92,1,neutral,137.73
2023-10-20,recovery_2023,21.71,,,183.59,83.24,71.93,22.08,80.7,36.79,32.75,1,neutral,136.74
2023-10-23,recovery_2023,20.37,,,182.97,84.24,72.22,22.29,78.89,36.76,32.47,1,neutral,133.92
2023-10-24,recovery_2023,18.97,,,182.95,85.35,72.59,22.59,76.93,37.23,32.88,1,neutral,132.44
2023-10-25,recovery_2023,20.19,,,183.72,83.45,72.2,22.32,78.46,36.74,32.19,1,neutral,132.29
2023-10-26,recovery_2023,20.68,,,184.01,84.73,72.45,22.37,76.89,36.56,32.87,1,neutral,133.38
2023-10-27,bull_2024,21.27,,,186.15,84.37,72.36,22.66,78.36,36.53,32.35,1,neutral,132.74
2023-10-30,bull_2024,19.75,,,185.1,83.99,72.38,22.76,76.05,36.91,32.45,1,neutral,130.13
2023-10-31,bull_2024,18.14,,,184.09,83.58,72.57,22.7,75.02,36.7,33.1,1,neutral,128.21
2023-11-01,bull_2024,16.87,,,183.51,85.1,72.87,22.8,74.75,37.04,33.27,2,mild_risk_on,129.82
2023-11-02,bull_2024,15.66,,,184.12,87.04,73.69,22.95,76.18,37.69,34.3,2,mild_risk_on,133.8
2023-11-03,bull_2024,14.91,,,184.79,87.63,74.41,22.85,74.85,38.46,35.11,5,risk_on,140.09
2023-11-06,bull_2024,14.89,,,183.35,86.78,74.11,23.14,74.91,38.77,34.63,5,risk_on,137.89
2023-11-07,bull_2024,14.81,,,182.59,88.06,74.12,22.95,71.8,38.7,34.34,5,risk_on,139.52
2023-11-08,bull_2024,14.45,,,180.77,89.56,74.16,22.65,70.19,38.44,34.54,5,risk_on,139.41
2023-11-09,bull_2024,15.29,,,181.49,87.5,73.7,22.63,70.25,38.08,34.01,2,mild_risk_on,139.28
2023-11-10,bull_2024,14.17,,,179.51,87.99,74.06,22.45,71.79,38.35,34.39,5,risk_on,139.81
2023-11-13,bull_2024,14.76,,,180.51,87.79,73.99,22.83,72.92,38.34,34.1,3,mild_risk_on,135.27
2023-11-14,bull_2024,14.16,,,182.12,89.78,74.74,22.94,72.69,39.36,35.94,5,risk_on,138.38
2023-11-15,bull_2024,14.18,,,181.64,88.52,74.5,23.13,71.34,39.69,36.02,5,risk_on,142.98
2023-11-16,bull_2024,14.32,,,183.69,89.62,74.6,23.0,68.05,39.31,36.01,5,risk_on,154.45
2023-11-17,bull_2024,13.8,,,183.67,90.04,74.77,23.29,70.75,39.36,35.97,5,risk_on,146.88
2023-11-20,bull_2024,13.41,,,183.37,90.59,74.85,23.69,72.3,39.85,36.25,5,risk_on,143.78
2023-11-21,bull_2024,13.35,,,185.35,90.55,74.95,23.73,72.53,39.6,36.07,5,risk_on,140.8
2023-11-22,bull_2024,12.85,,,184.56,90.87,75.08,23.545,71.61,39.52,36.18,5,risk_on,141.55
2023-11-23,bull_2024,12.8,,,,,,,,,,3,mild_risk_on,
2023-11-24,bull_2024,12.46,,,185.52,89.8,75.0,23.73,70.82,39.54,36.32,5,risk_on,144.54
2023-11-27,bull_2024,12.69,,,186.77,91.3,75.11,23.532,69.96,39.38,36.45,5,risk_on,142.2
2023-11-28,bull_2024,12.69,,,189.26,91.48,75.44,23.8,71.26,39.71,36.65,5,risk_on,142.68
2023-11-29,bull_2024,12.98,,,189.54,92.63,75.85,23.695,72.52,39.48,36.93,5,risk_on,139.82
2023-11-30,bull_2024,12.92,,,188.75,91.56,75.71,23.8,70.14,39.56,37.23,5,risk_on,140.91
2023-12-01,bull_2024,12.63,,,192.01,92.99,75.99,24.24,69.24,39.73,38.01,5,risk_on,138.04
2023-12-04,bull_2024,13.08,,,187.86,92.615,75.8,23.69,68.47,39.28,38.22,5,risk_on,136.04
2023-12-05,bull_2024,12.85,,,187.15,94.61,75.87,23.4,67.58,39.04,38.06,5,risk_on,134.76
2023-12-06,bull_2024,12.97,,,187.84,95.87,75.88,23.08,64.76,38.99,37.93,5,risk_on,132.5
2023-12-07,bull_2024,13.06,,,188.15,95.32,76.01,23.46,65.11,39.18,37.98,5,risk_on,130.84
2023-12-08,bull_2024,12.35,,,185.64,94.54,75.86,23.73,66.53,39.01,37.9,5,risk_on,134.1
2023-12-11,bull_2024,12.63,,,183.59,94.34,75.81,23.42,66.8,39.24,38.03,5,risk_on,140.9
2023-12-12,bull_2024,12.07,,,183.49,94.62,75.98,23.43,64.25,39.25,38.02,5,risk_on,148.83
2023-12-13,bull_2024,12.19,,,187.63,96.84,77.14,23.7,65.33,39.64,39.4,5,risk_on,152.02
2023-12-14,bull_2024,12.48,,,188.73,99.04,77.1,23.97,67.16,40.22,40.49,5,risk_on,162.51
2023-12-15,bull_2024,12.28,,,187.0,99.15,76.93,23.95,67.15,39.98,40.0,5,risk_on,153.26
2023-12-18,bull_2024,12.56,,,187.85,98.36,76.98,23.84,68.09,39.96,39.47,5,risk_on,139.36
2023-12-19,bull_2024,12.53,,,189.13,98.89,77.2,24.18,69.36,40.3,39.74,5,risk_on,133.18
2023-12-20,bull_2024,13.67,,,188.1,99.56,77.21,23.96,68.79,38.84,39.24,5,risk_on,136.86
2023-12-21,bull_2024,13.65,,,189.43,98.93,77.56,24.25,69.03,39.57,39.57,5,risk_on,138.18
2023-12-22,bull_2024,13.03,,,190.27,98.475,77.47,24.09,68.69,39.38,39.73,5,risk_on,134.46
2023-12-26,bull_2024,12.99,,,191.72,98.76,77.62,24.19,70.21,39.69,40.02,5,risk_on,135.69
2023-12-27,bull_2024,12.43,,,192.59,100.51,77.94,24.53,68.92,39.92,40.25,5,risk_on,135.64
2023-12-28,bull_2024,12.47,,,191.47,99.78,77.69,24.214,67.18,40.23,40.5,5,risk_on,136.9
2023-12-29,bull_2024,12.45,,,191.17,98.88,77.39,24.14,66.65,40.21,40.06,5,risk_on,138.05
2024-01-02,bull_2024,13.2,,,190.72,98.31,77.13,23.95,65.77,39.74,40.43,5,risk_on,134.8
2024-01-03,bull_2024,14.04,,,189.13,98.72,76.92,23.96,68.19,39.52,39.47,5,risk_on,134.23
2024-01-04,bull_2024,14.13,,,189.32,97.22,76.62,23.9,67.57,39.39,39.37,5,risk_on,136.6
2024-01-05,bull_2024,13.35,,,189.35,96.29,76.68,23.65,69.03,39.44,39.29,5,risk_on,132.68
2024-01-08,bull_2024,13.08,,,187.87,97.24,77.11,23.75,66.4,39.55,39.83,5,risk_on,137.05
2024-01-09,bull_2024,12.76,,,187.93,96.62,77.23,23.34,67.39,38.99,39.55,5,risk_on,140.95
2024-01-10,bull_2024,12.69,,,187.5,96.17,77.37,23.55,66.56,38.9,39.61,5,risk_on,137.4
2024-01-11,bull_2024,12.44,,,187.87,96.71,77.62,23.52,67.65,39.06,39.24,5,risk_on,140.36
2024-01-12,bull_2024,12.7,,,189.71,96.52,77.7,23.25,68.02,39.2,39.54,5,risk_on,143.81
2024-01-15,bull_2024,13.25,,,,,,,,,,3,mild_risk_on,
2024-01-16,bull_2024,13.84,,,187.91,94.82,77.21,23.4,67.25,38.25,39.3,5,risk_on,139.94
2024-01-17,bull_2024,14.79,,,185.84,94.67,76.88,23.26,67.94,37.68,38.58,5,risk_on,147.76
2024-01-18,bull_2024,14.13,,,187.37,93.79,77.04,23.41,69.06,37.99,38.33,5,risk_on,148.15
2024-01-19,bull_2024,13.3,,,187.93,94.09,77.17,23.61,68.82,38.39,38.7,5,risk_on,147.76
2024-01-22,bull_2024,13.19,,,187.22,94.65,77.23,23.31,69.69,38.05,38.88,5,risk_on,146.01
2024-01-23,bull_2024,12.55,,,187.95,93.9,77.14,23.7,69.66,38.38,38.67,5,risk_on,148.12
2024-01-24,bull_2024,13.14,,,186.4,93.35,77.1,24.1,70.54,38.81,38.14,5,risk_on,150.25
2024-01-25,bull_2024,13.45,,,187.14,93.96,77.69,24.06,72.23,38.86,38.66,5,risk_on,153.05
2024-01-26,bull_2024,13.26,,,187.01,93.78,77.63,24.017,73.1,38.89,38.49,5,risk_on,151.36
2024-01-29,bull_2024,13.6,,,188.33,94.86,77.8,24.14,72.05,38.91,38.77,5,risk_on,149.03
2024-01-30,bull_2024,13.31,,,188.59,95.72,77.7,24.37,72.81,38.6,38.41,5,risk_on,148.73
2024-01-31,bull_2024,14.35,,,188.45,96.66,77.48,24.19,70.92,38.39,38.13,5,risk_on,150.21
2024-02-01,bull_2024,13.88,,,190.41,98.24,77.54,23.95,69.07,38.76,38.8,5,risk_on,160.08
2024-02-02,bull_2024,13.85,,,188.61,96.07,77.19,23.79,67.51,38.65,38.31,5,risk_on,160.02
2024-02-05,bull_2024,13.67,,,187.57,94.13,76.83,23.5,68.18,38.7,37.55,5,risk_on,155.49
2024-02-06,bull_2024,13.06,,,188.55,95.05,77.11,23.58,68.81,39.58,38.12,5,risk_on,152.82
2024-02-07,bull_2024,12.83,,,188.5,94.59,77.24,23.29,69.42,39.63,38.1,5,risk_on,151.41
2024-02-08,bull_2024,12.79,,,188.33,94.04,77.2,23.1,71.52,39.41,38.31,5,risk_on,150.36
2024-02-09,bull_2024,12.93,,,187.6,93.85,77.36,22.95,71.67,39.58,38.41,5,risk_on,156.62
2024-02-12,bull_2024,13.93,,,187.11,93.96,77.19,23.166,72.11,39.89,38.29,5,risk_on,152.8
2024-02-13,bull_2024,15.85,,,184.53,92.35,76.57,23.07,72.65,39.14,37.59,4,mild_risk_on,170.52
2024-02-14,bull_2024,14.38,,,184.42,92.82,76.87,23.03,71.55,39.7,37.84,5,risk_on,160.4
2024-02-15,bull_2024,14.01,,,185.66,93.3,77.14,23.38,72.84,39.89,38.75,5,risk_on,148.9
2024-02-16,bull_2024,14.24,,,186.34,92.76,76.91,23.84,73.41,40.08,38.35,5,risk_on,142.62
2024-02-19,bull_2024,14.71,,,,,,,,,,3,mild_risk_on,
2024-02-20,bull_2024,15.42,,,187.47,92.84,77.07,24.04,72.42,40.14,38.29,4,mild_risk_on,141.45
2024-02-21,bull_2024,15.34,,,187.48,92.18,76.93,24.14,73.2,40.21,38.57,4,mild_risk_on,142.72
2024-02-22,bull_2024,14.54,,,187.56,92.63,77.3,24.31,73.6,40.62,38.67,5,risk_on,145.91
2024-02-23,bull_2024,13.75,,,188.62,93.87,77.35,24.13,71.92,40.6,38.72,5,risk_on,144.0
2024-02-26,bull_2024,13.74,,,188.2,93.59,77.1,23.82,72.79,40.42,38.28,5,risk_on,143.6
2024-02-27,bull_2024,13.43,,,188.0,92.93,77.2,23.98,73.85,40.5,38.31,5,risk_on,147.29
2024-02-28,bull_2024,13.84,,,188.34,93.52,77.19,23.87,73.62,39.97,38.8,5,risk_on,149.09
2024-02-29,bull_2024,13.4,,,189.31,94.18,77.33,23.89,73.36,39.99,39.11,5,risk_on,149.83
2024-03-01,bull_2024,13.11,,,192.89,94.47,77.18,24.01,74.96,40.48,39.54,5,risk_on,150.42
2024-03-04,bull_2024,13.49,,,196.01,94.09,77.16,24.02,74.01,40.39,39.99,5,risk_on,145.94
2024-03-05,bull_2024,14.46,,,197.19,95.43,77.1,23.93,73.45,40.03,39.48,5,risk_on,144.9
2024-03-06,bull_2024,14.5,,,198.81,95.99,77.29,24.07,74.34,40.61,39.7,5,risk_on,143.64
2024-03-07,bull_2024,14.44,,,199.94,95.9,77.38,24.45,74.23,40.86,39.7,5,risk_on,142.94
2024-03-08,bull_2024,14.74,,,201.63,95.73,77.4,24.25,73.36,40.82,40.17,5,risk_on,141.18
2024-03-11,bull_2024,15.22,,,202.0,95.68,77.39,24.49,73.62,40.91,39.97,4,mild_risk_on,142.27
2024-03-12,bull_2024,13.84,,,199.79,94.88,77.46,24.51,73.35,41.36,39.87,5,risk_on,142.23
2024-03-13,bull_2024,13.75,,,201.19,94.42,77.49,25.26,75.09,41.23,39.62,5,risk_on,144.17
2024-03-14,bull_2024,14.4,,,200.35,92.97,77.12,25.21,76.3,41.02,39.06,5,risk_on,143.95
2024-03-15,bull_2024,14.41,,,199.71,92.94,77.07,25.71,76.33,40.77,39.04,5,risk_on,138.91
2024-03-18,bull_2024,14.33,,,200.03,92.66,77.25,25.76,77.98,40.84,38.77,5,risk_on,139.97
2024-03-19,bull_2024,13.82,,,199.8,92.92,77.56,25.32,78.43,40.64,38.77,5,risk_on,141.61
2024-03-20,bull_2024,13.04,,,202.18,92.89,77.82,25.53,77.25,41.1,38.93,5,risk_on,141.19
2024-03-21,bull_2024,12.92,,,201.97,93.09,77.78,25.4,76.82,41.15,39.08,5,risk_on,154.0
2024-03-22,bull_2024,13.06,,,200.35,93.98,77.7,24.98,76.68,40.86,38.62,5,risk_on,155.84
2024-03-25,bull_2024,13.19,,,200.99,93.51,77.58,25.13,77.76,40.89,38.47,5,risk_on,151.6
2024-03-26,bull_2024,13.24,,,201.64,93.77,77.49,25.02,77.29,40.86,38.31,5,risk_on,157.6
2024-03-27,bull_2024,12.78,,,203.1,94.7,77.9,25.05,77.51,40.93,39.28,5,risk_on,157.11
2024-03-28,bull_2024,13.01,,,205.72,94.62,77.73,25.12,78.73,41.08,39.53,5,risk_on,155.44
2024-04-01,bull_2024,13.65,,,207.82,92.55,77.02,25.39,79.67,41.15,38.84,5,risk_on,146.33
2024-04-02,bull_2024,14.61,,,210.89,92.04,76.89,25.53,80.79,41.28,38.41,5,risk_on,142.14
2024-04-03,bull_2024,14.33,,,212.74,92.02,76.95,26.35,81.25,41.31,38.43,5,risk_on,138.52
2024-04-04,bull_2024,16.35,,,211.52,92.68,76.89,26.26,82.27,41.16,38.13,4,mild_risk_on,142.49
2024-04-05,bull_2024,16.03,,,215.14,91.39,76.82,26.54,82.4,41.25,38.38,4,mild_risk_on,142.64
2024-04-08,bull_2024,15.19,,,216.48,91.38,77.0,26.88,82.2,41.52,38.71,4,mild_risk_on,140.63
2024-04-09,bull_2024,14.98,,,217.67,92.23,77.16,26.88,81.15,41.8,39.2,5,risk_on,139.28
2024-04-10,bull_2024,15.8,,,215.61,90.22,76.48,26.74,82.09,41.23,37.59,4,mild_risk_on,139.94
2024-04-11,bull_2024,14.91,,,219.8,89.81,76.41,26.67,81.55,41.48,37.63,5,risk_on,136.16
2024-04-12,bull_2024,17.31,,,216.89,90.29,76.37,26.71,81.53,40.53,37.24,4,mild_risk_on,142.31
2024-04-15,bull_2024,19.23,,,220.95,88.89,75.93,27.35,81.65,40.27,36.59,3,mild_risk_on,137.72
2024-04-16,bull_2024,18.4,,,221.22,88.3,75.68,26.91,81.33,39.74,36.03,3,mild_risk_on,135.6
2024-04-17,bull_2024,18.21,,,219.59,89.28,75.78,27.19,78.91,39.71,35.73,3,mild_risk_on,134.38
2024-04-18,bull_2024,18.0,,,220.34,88.83,75.84,27.78,78.78,39.87,35.74,3,mild_risk_on,131.8
2024-04-19,bull_2024,18.71,,,221.03,89.15,75.98,28.1,78.85,39.71,35.88,3,mild_risk_on,133.4
2024-04-22,bull_2024,16.94,,,215.57,89.0,76.4,28.11,78.78,40.14,36.17,4,mild_risk_on,131.68
2024-04-23,bull_2024,15.69,,,215.04,89.03,76.71,27.67,79.98,40.47,36.5,4,mild_risk_on,135.61
2024-04-24,bull_2024,15.97,,,214.64,88.4,76.54,27.93,79.64,40.61,36.64,4,mild_risk_on,135.06
2024-04-25,bull_2024,15.37,,,215.92,87.78,76.38,28.37,80.44,40.7,36.43,4,mild_risk_on,134.08
2024-04-26,bull_2024,15.03,,,216.62,88.24,76.62,28.55,80.39,41.17,36.46,4,mild_risk_on,140.86
2024-04-29,bull_2024,14.67,,,216.18,88.98,76.85,29.09,79.5,41.57,36.87,5,risk_on,138.3
2024-04-30,bull_2024,15.65,,,211.87,88.22,76.29,28.31,78.38,40.99,36.19,4,mild_risk_on,132.4
2024-05-01,bull_2024,15.39,,,213.79,88.56,76.29,28.38,75.93,41.03,36.21,4,mild_risk_on,133.35
2024-05-02,bull_2024,14.68,,,213.13,88.94,76.76,28.0,75.93,42.09,36.73,5,risk_on,132.12
2024-05-03,bull_2024,13.49,,,212.96,89.84,77.08,28.37,75.13,42.47,37.02,5,risk_on,135.18
2024-05-06,bull_2024,13.49,,,215.2,90.19,77.17,28.7,75.66,42.51,37.03,5,risk_on,130.08
2024-05-07,bull_2024,13.23,,,214.21,90.74,77.18,28.61,75.5,42.27,37.42,5,risk_on,133.64
2024-05-08,bull_2024,13.0,,,213.58,90.19,77.0,28.34,76.11,42.28,37.07,5,risk_on,133.24
2024-05-09,bull_2024,12.69,,,216.95,90.63,77.02,28.57,76.52,42.41,37.95,5,risk_on,136.46
2024-05-10,bull_2024,12.55,,,218.71,90.12,76.9,28.81,75.3,42.5,37.81,5,risk_on,137.3
2024-05-13,bull_2024,13.6,,,216.26,90.35,76.88,29.52,76.13,42.82,37.91,5,risk_on,139.65
2024-05-14,bull_2024,13.42,,,218.09,90.86,77.0,29.68,75.21,43.05,38.18,5,risk_on,140.18
2024-05-15,bull_2024,12.45,,,220.89,92.1,77.45,30.11,75.88,43.51,38.83,6,risk_on,140.64
2024-05-16,bull_2024,12.42,,,220.03,92.01,77.27,30.01,76.25,43.6,38.76,6,risk_on,147.85
2024-05-17,bull_2024,11.99,,,223.66,91.39,77.28,31.19,76.97,43.79,38.76,6,risk_on,143.05
2024-05-20,bull_2024,12.15,,,224.56,91.12,77.32,31.33,76.73,43.63,38.52,6,risk_on,144.54
2024-05-21,bull_2024,11.86,,,224.23,91.59,77.26,31.38,76.16,43.36,38.49,6,risk_on,149.52
2024-05-22,bull_2024,12.29,,,220.11,91.7,77.09,29.56,74.87,43.22,38.16,5,risk_on,150.14
2024-05-23,bull_2024,12.77,,,215.72,91.11,76.82,29.26,74.45,42.9,37.35,5,risk_on,153.33
2024-05-24,bull_2024,11.93,,,215.92,91.38,77.09,29.23,75.35,43.02,37.35,5,risk_on,155.86
2024-05-27,bull_2024,12.36,,,,,,,,,,3,mild_risk_on,
2024-05-28,bull_2024,12.92,,,218.19,90.07,76.78,29.9,77.66,42.96,37.13,5,risk_on,152.23
2024-05-29,bull_2024,14.28,,,216.16,88.98,76.55,29.35,76.57,42.32,36.78,5,risk_on,151.8
2024-05-30,bull_2024,14.47,,,216.57,89.84,76.86,28.59,75.53,42.2,37.31,5,risk_on,146.61
2024-05-31,bull_2024,12.92,,,215.3,90.45,77.13,28.42,74.82,41.79,38.05,5,risk_on,148.1
2024-06-03,bull_2024,13.11,,,217.22,91.6,77.01,28.7,71.83,42.23,37.9,5,risk_on,139.01
2024-06-04,bull_2024,13.16,,,215.27,92.67,76.97,27.94,71.09,41.64,38.26,5,risk_on,138.18
2024-06-05,bull_2024,12.63,,,217.82,93.35,77.22,28.47,71.89,42.31,38.21,5,risk_on,141.4
2024-06-06,bull_2024,12.58,,,219.43,93.21,77.09,28.72,73.26,42.52,38.27,5,risk_on,140.18
2024-06-07,bull_2024,12.22,,,211.6,91.5,76.89,27.43,73.02,42.04,37.97,5,risk_on,139.61
2024-06-10,bull_2024,12.74,,,213.54,90.89,76.96,27.98,75.46,42.29,38.16,5,risk_on,141.56
2024-06-11,bull_2024,12.85,,,214.15,91.83,77.06,27.78,75.51,41.86,38.04,5,risk_on,144.7
2024-06-12,bull_2024,12.04,,,214.72,92.52,77.37,27.88,75.98,42.28,38.31,5,risk_on,150.66
2024-06-13,bull_2024,11.94,,,212.97,93.88,77.36,27.61,75.74,42.18,38.5,5,risk_on,162.25
2024-06-14,bull_2024,12.66,,,215.73,94.67,77.06,27.69,76.08,42.23,38.53,5,risk_on,156.18
2024-06-17,bull_2024,12.75,,,214.61,93.73,77.11,27.46,77.79,42.5,38.33,5,risk_on,153.84
2024-06-18,bull_2024,12.3,,,215.47,94.59,77.35,27.68,78.67,42.89,38.48,5,risk_on,142.9
2024-06-19,bull_2024,12.48,,,,,,,,,,3,mild_risk_on,
2024-06-20,bull_2024,13.28,,,218.16,93.96,77.3,28.08,79.41,42.82,38.38,5,risk_on,148.6
2024-06-21,bull_2024,13.2,,,214.78,93.96,77.39,27.44,78.65,42.67,38.48,5,risk_on,151.79
2024-06-24,bull_2024,13.33,,,215.63,94.34,77.31,27.47,79.7,42.67,38.35,5,risk_on,147.13
2024-06-25,bull_2024,12.84,,,214.56,94.5,77.41,27.15,78.9,42.57,37.81,5,risk_on,146.64
2024-06-26,bull_2024,12.55,,,212.58,93.15,77.24,27.18,78.75,42.48,37.76,5,risk_on,143.49
2024-06-27,bull_2024,12.24,,,214.99,93.52,77.33,26.92,79.92,42.51,38.1,5,risk_on,143.06
2024-06-28,bull_2024,12.44,,,215.01,91.78,77.14,27.21,79.59,42.59,38.41,5,risk_on,141.79
2024-07-01,bull_2024,12.22,,,215.57,89.91,76.72,27.46,81.54,42.69,38.04,5,risk_on,145.82
2024-07-02,bull_2024,12.03,,,215.56,90.61,76.93,27.52,81.11,42.82,38.2,5,risk_on,147.16
2024-07-03,bull_2024,12.09,,,217.99,91.8,77.2,28.1,81.27,43.45,38.16,5,risk_on,148.83
2024-07-04,bull_2024,12.26,,,,,,,,,,3,mild_risk_on,
2024-07-05,bull_2024,12.48,,,220.93,92.56,77.43,28.78,81.31,43.63,38.3,5,risk_on,150.2
2024-07-08,bull_2024,12.37,,,218.19,92.76,77.41,28.53,80.42,43.64,38.39,5,risk_on,148.53
2024-07-09,bull_2024,12.51,,,218.56,92.35,77.32,28.34,79.77,43.82,38.4,5,risk_on,151.09
2024-07-10,bull_2024,12.85,,,219.36,92.64,77.5,28.38,80.48,44.07,38.67,5,risk_on,156.96
2024-07-11,bull_2024,12.92,,,223.25,93.54,77.78,27.97,80.94,44.33,39.7,5,risk_on,152.23
2024-07-12,bull_2024,12.46,,,223.11,93.94,77.98,28.33,80.25,44.51,39.99,5,risk_on,150.86
2024-07-15,bull_2024,13.12,,,223.83,92.86,77.99,28.02,80.12,44.04,40.16,5,risk_on,147.4
2024-07-16,bull_2024,13.19,,,228.29,94.17,78.29,27.75,79.06,44.29,40.54,6,risk_on,151.53
2024-07-17,bull_2024,14.48,,,227.23,94.19,78.2,27.43,80.62,43.57,40.9,6,risk_on,146.39
2024-07-18,bull_2024,15.93,,,225.78,93.47,78.04,26.53,79.9,43.16,40.56,5,risk_on,151.12
2024-07-19,bull_2024,16.52,,,221.73,92.92,77.98,26.4,78.0,42.74,40.51,4,mild_risk_on,146.99
2024-07-22,bull_2024,14.91,,,221.8,92.65,78.27,26.24,77.62,43.1,40.91,6,risk_on,141.38
2024-07-23,bull_2024,14.72,,,222.58,92.52,78.28,25.97,76.62,42.72,40.84,6,risk_on,137.0
2024-07-24,bull_2024,18.04,,,221.8,91.52,78.03,25.52,76.81,42.1,40.28,4,mild_risk_on,136.84
2024-07-25,bull_2024,18.46,,,218.33,92.27,78.04,25.72,77.46,41.93,40.06,4,mild_risk_on,134.17
2024-07-26,bull_2024,16.39,,,220.63,92.99,78.29,25.73,76.11,42.36,40.73,5,risk_on,131.73
2024-07-29,bull_2024,16.6,,,220.32,93.49,78.22,25.62,75.19,42.22,40.99,5,risk_on,128.93
2024-07-30,bull_2024,17.69,,,222.52,93.85,78.26,25.62,74.46,42.03,41.29,5,risk_on,127.31
2024-07-31,bull_2024,16.36,,,226.55,94.81,78.54,26.22,77.74,42.95,41.19,5,risk_on,136.69
2024-08-01,bull_2024,18.59,,,225.77,95.31,77.96,25.53,76.29,42.2,41.83,3,mild_risk_on,132.23
2024-08-02,bull_2024,23.39,,,225.34,98.28,77.7,25.85,73.39,41.6,41.86,1,neutral,139.65
2024-08-05,bull_2024,38.57,,,222.48,98.8,77.22,25.06,73.22,40.42,40.65,-1,mild_risk_off,145.3
2024-08-06,bull_2024,27.71,,,220.7,96.59,77.51,25.16,72.45,40.65,41.55,1,neutral,145.43
2024-08-07,bull_2024,27.85,,,220.55,95.91,77.66,24.71,74.69,40.9,41.25,1,neutral,146.36
2024-08-08,bull_2024,23.79,,,224.01,95.32,77.98,24.97,75.36,41.83,41.6,1,neutral,147.37
2024-08-09,bull_2024,20.37,,,224.56,96.26,77.97,25.04,76.22,42.06,41.81,3,mild_risk_on,144.52
2024-08-12,bull_2024,20.71,,,228.41,96.61,78.02,25.55,78.63,42.2,41.56,4,mild_risk_on,140.82
2024-08-13,bull_2024,18.12,,,228.06,97.28,78.38,25.43,77.64,42.67,41.85,4,mild_risk_on,143.87
2024-08-14,bull_2024,16.19,,,226.2,97.89,78.52,25.3,76.59,42.44,42.0,5,risk_on,141.82
2024-08-15,bull_2024,15.23,,,226.91,97.1,78.59,25.96,77.41,42.91,41.88,5,risk_on,143.56
2024-08-16,bull_2024,14.8,,,231.99,97.44,78.84,26.1,76.32,43.41,41.86,6,risk_on,142.55
2024-08-19,bull_2024,14.65,,,231.61,97.89,78.97,26.37,74.38,43.83,42.11,6,risk_on,141.5
2024-08-20,bull_2024,15.88,,,232.46,98.67,78.9,26.11,73.83,43.49,42.15,5,risk_on,146.26
2024-08-21,bull_2024,16.27,,,232.15,98.73,79.08,26.38,72.6,43.66,42.29,5,risk_on,149.67
2024-08-22,bull_2024,17.55,,,229.37,97.75,78.98,25.96,73.58,43.12,42.55,5,risk_on,154.16
2024-08-23,bull_2024,15.86,,,232.02,98.39,79.4,26.48,75.55,43.84,43.37,5,risk_on,153.95
2024-08-26,bull_2024,16.15,,,232.76,98.14,79.24,26.61,77.83,43.47,43.34,5,risk_on,151.5
2024-08-27,bull_2024,15.43,,,233.39,97.97,79.29,26.82,76.49,43.53,43.45,5,risk_on,151.83
2024-08-28,bull_2024,17.11,,,231.75,97.85,79.25,26.28,75.48,43.26,43.3,5,risk_on,151.68
2024-08-29,bull_2024,15.65,,,232.95,97.53,79.33,26.22,76.77,43.28,43.13,5,risk_on,153.01
2024-08-30,bull_2024,15.0,,,231.29,96.49,79.34,26.31,74.34,43.37,43.55,5,risk_on,159.0
2024-09-02,bull_2024,15.55,,,,,,,,,,2,mild_risk_on,
2024-09-03,bull_2024,20.72,,,230.29,97.75,78.68,25.47,71.09,42.51,43.65,4,mild_risk_on,163.6
2024-09-04,bull_2024,21.32,,,230.43,99.01,78.97,25.45,69.61,42.5,43.75,4,mild_risk_on,160.9
2024-09-05,bull_2024,19.9,,,232.35,99.57,79.24,25.81,69.89,42.56,43.63,4,mild_risk_on,156.71
2024-09-06,bull_2024,22.38,,,230.63,99.56,79.14,25.41,68.93,41.78,43.63,2,mild_risk_on,148.98
2024-09-09,bull_2024,19.45,,,231.6,99.99,79.33,25.84,69.27,42.13,44.15,4,mild_risk_on,140.33
2024-09-10,bull_2024,19.08,,,232.62,100.69,79.18,25.64,66.96,41.97,44.93,4,mild_risk_on,139.75
2024-09-11,bull_2024,17.69,,,232.25,100.61,79.3,26.02,67.85,42.28,44.81,5,risk_on,139.73
2024-09-12,bull_2024,17.07,,,236.33,100.14,79.41,26.32,69.89,42.63,44.89,5,risk_on,145.88
2024-09-13,bull_2024,16.56,,,238.68,100.41,79.63,26.4,69.84,42.83,45.21,5,risk_on,149.99
2024-09-16,bull_2024,17.14,,,238.66,101.33,79.83,26.65,70.88,42.97,45.36,5,risk_on,152.17
2024-09-17,bull_2024,17.61,,,237.34,100.84,79.85,26.8,71.72,43.02,45.0,5,risk_on,157.54
2024-09-18,bull_2024,18.23,,,235.51,99.59,79.92,26.646,70.66,42.87,44.87,4,mild_risk_on,167.42
2024-09-19,bull_2024,16.33,,,239.17,99.26,80.16,27.18,72.75,43.78,44.76,5,risk_on,171.72
2024-09-20,bull_2024,16.15,,,242.21,98.88,80.26,27.11,72.92,43.69,44.68,5,risk_on,165.75
2024-09-23,bull_2024,15.89,,,242.68,98.67,80.11,27.21,72.25,44.03,44.86,5,risk_on,165.6
2024-09-24,bull_2024,15.39,,,246.07,98.65,80.12,28.3,73.29,45.53,44.86,5,risk_on,162.41
2024-09-25,bull_2024,15.41,,,245.73,97.83,80.03,28.06,71.48,45.05,44.67,5,risk_on,160.48
2024-09-26,bull_2024,15.37,,,246.98,98.06,80.16,28.98,69.01,46.7,44.23,5,risk_on,158.67
2024-09-27,bull_2024,16.96,,,245.02,98.57,80.36,28.64,70.27,46.61,44.29,5,risk_on,160.99
2024-09-30,bull_2024,16.73,,,243.06,98.1,80.3,28.35,69.92,45.86,44.67,5,risk_on,154.3
2024-10-01,bull_2024,19.26,,,245.61,98.49,79.87,28.6,72.11,46.19,44.4,4,mild_risk_on,158.59
2024-10-02,bull_2024,18.9,,,245.66,97.66,79.88,29.14,72.76,47.1,44.24,4,mild_risk_on,161.5
2024-10-03,bull_2024,20.49,,,245.49,96.74,79.69,28.44,75.73,46.54,43.81,4,mild_risk_on,162.78
2024-10-04,bull_2024,19.21,,,245.0,95.55,79.6,28.59,76.35,46.97,43.52,4,mild_risk_on,156.43
2024-10-07,bull_2024,22.64,,,244.17,94.83,79.26,28.52,79.2,47.36,43.2,2,mild_risk_on,155.57
2024-10-08,bull_2024,21.42,,,242.37,94.99,79.45,28.0,75.79,46.19,43.33,4,mild_risk_on,156.28
2024-10-09,bull_2024,20.86,,,241.05,94.45,79.4,27.64,75.25,45.94,43.35,4,mild_risk_on,156.93
2024-10-10,bull_2024,20.93,,,242.82,94.08,79.36,27.85,77.77,46.03,42.99,4,mild_risk_on,154.09
2024-10-11,bull_2024,20.46,,,245.47,93.7,79.57,28.17,77.49,46.36,43.43,4,mild_risk_on,159.43
2024-10-14,bull_2024,19.7,,,245.07,93.765,79.61,27.66,75.93,46.17,43.73,4,mild_risk_on,153.08
2024-10-15,bull_2024,20.64,,,245.92,94.91,79.59,27.27,72.76,45.19,44.28,4,mild_risk_on,159.69
2024-10-16,bull_2024,19.58,,,247.15,95.31,79.73,27.41,72.4,45.54,44.72,4,mild_risk_on,161.85
2024-10-17,bull_2024,19.11,,,248.63,93.8,79.61,27.2,72.62,45.47,44.43,4,mild_risk_on,165.82
2024-10-18,bull_2024,18.03,,,251.27,93.87,79.8,27.58,71.38,45.92,44.74,4,mild_risk_on,155.55
2024-10-21,bull_2024,18.37,,,251.22,92.23,79.48,27.41,72.26,45.6,43.82,4,mild_risk_on,150.97
2024-10-22,bull_2024,18.2,,,253.93,92.32,79.37,27.57,73.98,45.5,43.89,4,mild_risk_on,146.8
2024-10-23,bull_2024,19.24,,,250.87,92.07,79.13,27.22,73.55,45.23,44.32,4,mild_risk_on,146.97
2024-10-24,bull_2024,19.08,,,252.8,92.66,79.36,27.39,73.06,45.16,44.42,4,mild_risk_on,144.71
2024-10-25,bull_2024,20.33,,,253.32,92.14,79.28,27.43,74.23,45.12,44.07,4,mild_risk_on,148.91
2024-10-28,bull_2024,19.8,,,253.33,91.89,79.48,27.45,70.43,45.32,44.21,4,mild_risk_on,148.46
2024-10-29,bull_2024,19.34,,,256.09,92.03,79.5,27.46,69.66,45.18,43.81,4,mild_risk_on,150.74
2024-10-30,bull_2024,20.35,,,257.5,92.3,79.36,27.36,71.36,44.74,43.97,4,mild_risk_on,153.45
2024-10-31,bull_2024,23.16,,,253.51,92.45,79.14,27.36,73.08,44.45,43.2,2,mild_risk_on,152.07
2024-11-01,bull_2024,21.88,,,252.47,90.84,78.75,27.35,72.02,44.49,42.74,4,mild_risk_on,146.66
2024-11-04,bull_2024,21.98,,,252.83,92.25,78.97,27.82,74.29,44.74,43.22,4,mild_risk_on,148.95
2024-11-05,bull_2024,20.49,,,253.4,92.74,79.19,28.01,74.73,45.35,43.81,4,mild_risk_on,152.68
2024-11-06,bull_2024,16.27,,,245.7,90.2,79.33,26.68,74.54,44.79,42.64,5,risk_on,148.11
2024-11-07,bull_2024,15.2,,,249.65,91.33,79.67,27.84,74.66,45.78,43.17,5,risk_on,152.12
2024-11-08,bull_2024,14.94,,,247.96,92.49,79.8,27.11,73.13,44.65,43.91,6,risk_on,150.34
2024-11-11,bull_2024,14.97,,,242.14,92.04,79.71,26.68,70.94,44.31,43.53,6,risk_on,140.32
2024-11-12,bull_2024,14.71,,,240.05,90.66,79.39,26.06,70.69,43.47,42.98,6,risk_on,141.5
2024-11-13,bull_2024,14.02,,,237.63,89.8,79.41,25.64,70.73,43.19,43.32,6,risk_on,142.92
2024-11-14,bull_2024,14.31,,,237.01,90.32,79.24,25.73,71.29,42.95,42.93,6,risk_on,147.98
2024-11-15,bull_2024,16.14,,,236.59,90.08,79.23,25.6,69.75,42.95,42.98,5,risk_on,149.55
2024-11-18,bull_2024,15.58,,,241.09,90.24,79.38,25.99,72.07,43.44,43.36,5,risk_on,147.33
2024-11-19,bull_2024,16.35,,,243.25,90.7,79.5,26.15,72.31,43.41,43.54,5,risk_on,149.46
2024-11-20,bull_2024,17.16,,,244.62,90.41,79.48,26.04,72.02,43.36,43.47,5,risk_on,153.0
2024-11-21,bull_2024,16.87,,,246.66,90.34,79.51,25.9,73.2,43.27,43.76,5,risk_on,155.72
2024-11-22,bull_2024,15.24,,,249.84,90.39,79.49,25.67,74.25,43.28,44.09,5,risk_on,161.64
2024-11-25,bull_2024,14.6,,,242.48,92.73,79.79,25.94,72.1,43.31,44.68,6,risk_on,167.28
2024-11-26,bull_2024,14.1,,,242.95,92.37,79.64,25.69,71.61,43.13,44.9,6,risk_on,166.23
2024-11-27,bull_2024,14.1,,,243.49,93.01,79.88,25.79,71.72,43.19,45.21,6,risk_on,167.94
2024-11-28,bull_2024,13.9,,,,,,,,,,3,mild_risk_on,
2024-11-29,bull_2024,13.51,,,245.59,93.97,80.04,25.8,71.61,43.26,45.0,6,risk_on,
2024-12-02,bull_2024,13.34,,,243.44,93.87,79.65,25.87,71.04,43.43,44.32,6,risk_on,170.65
2024-12-03,bull_2024,13.3,,,243.93,93.06,79.65,26.2,73.04,43.52,44.06,6,risk_on,170.23
2024-12-04,bull_2024,13.45,,,244.67,94.06,79.84,26.18,71.88,43.63,43.94,6,risk_on,172.45
2024-12-05,bull_2024,13.54,,,242.86,94.25,79.77,26.19,71.47,43.92,43.83,6,risk_on,173.93
2024-12-06,bull_2024,12.77,,,242.95,94.39,79.9,26.15,70.24,43.85,43.77,6,risk_on,168.05
2024-12-09,bull_2024,14.19,,,245.36,93.52,79.8,26.59,71.17,44.75,43.86,6,risk_on,163.14
2024-12-10,bull_2024,14.18,,,248.59,93.08,79.84,26.6,71.4,44.03,43.15,6,risk_on,165.12
2024-12-11,bull_2024,13.58,,,250.96,92.2,79.86,26.59,73.33,44.21,43.04,6,risk_on,169.06
2024-12-12,bull_2024,13.92,,,247.28,91.08,79.64,26.42,73.21,43.99,43.01,6,risk_on,167.43
2024-12-13,bull_2024,13.81,,,244.29,90.15,79.41,26.12,74.21,44.03,42.83,6,risk_on,169.91
2024-12-16,bull_2024,14.69,,,244.88,90.42,79.56,26.14,73.7,43.79,42.61,6,risk_on,166.79
2024-12-17,bull_2024,15.87,,,243.94,90.64,79.39,25.89,73.3,42.96,42.42,5,risk_on,173.04
2024-12-18,bull_2024,27.62,,,239.26,89.16,78.17,25.63,72.94,41.96,40.76,2,mild_risk_on,168.92
2024-12-19,bull_2024,24.09,,,239.6,87.81,78.09,25.52,72.61,42.1,40.06,2,mild_risk_on,163.1
2024-12-20,bull_2024,18.36,,,242.1,88.31,78.58,25.62,73.1,42.27,40.79,4,mild_risk_on,161.21
2024-12-23,bull_2024,16.78,,,240.96,87.5,78.37,25.59,73.06,42.51,40.54,5,risk_on,170.65
2024-12-24,bull_2024,14.27,,,241.44,87.87,78.62,25.66,73.65,42.64,40.81,6,risk_on,180.09
2024-12-26,bull_2024,14.73,,,243.07,87.82,78.82,25.89,73.13,42.49,40.87,6,risk_on,173.72
2024-12-27,bull_2024,15.95,,,241.4,87.1,78.55,25.79,73.85,42.3,40.54,5,risk_on,167.92
2024-12-30,bull_2024,17.4,,,240.63,87.8,78.66,25.63,74.82,41.96,40.35,5,risk_on,161.08
2024-12-31,bull_2024,17.35,,,242.13,87.33,78.65,25.16,75.55,41.82,40.67,5,risk_on,169.16
2025-01-02,bull_2025,17.93,,,245.42,87.57,78.84,25.32,76.93,41.76,40.29,5,risk_on,157.2
2025-01-03,bull_2025,16.13,,,243.49,87.29,78.96,25.55,77.92,42.15,40.84,5,risk_on,157.32
2025-01-06,bull_2025,16.04,,,243.19,86.9,79.1,26.0,77.3,42.3,40.28,5,risk_on,152.64
2025-01-07,bull_2025,17.82,,,244.56,85.92,78.84,26.21,78.17,42.0,39.98,5,risk_on,155.1
2025-01-08,bull_2025,17.7,,,245.86,86.03,78.94,26.74,77.3,41.8,40.15,5,risk_on,154.34
2025-01-09,bull_2025,18.07,,,,,,,,,,1,neutral,
2025-01-10,bull_2025,19.54,,,248.21,85.46,78.53,26.89,80.64,41.09,39.18,4,mild_risk_on,151.45
2025-01-13,bull_2025,19.19,,,245.74,85.43,78.51,27.08,82.23,40.81,39.68,4,mild_risk_on,170.55
2025-01-14,bull_2025,18.71,,,247.03,85.29,78.61,27.24,81.67,41.27,40.02,4,mild_risk_on,167.64
2025-01-15,bull_2025,16.12,,,248.88,86.76,79.3,27.6,84.34,41.81,40.19,5,risk_on,163.54
2025-01-16,bull_2025,16.6,,,250.6,87.04,79.39,27.75,82.94,41.76,41.09,5,risk_on,167.41
2025-01-17,bull_2025,15.97,,,249.27,87.19,79.46,27.25,82.52,42.09,41.08,5,risk_on,165.35
2025-01-20,bull_2025,15.81,,,,,,,,,,2,mild_risk_on,
2025-01-21,bull_2025,15.06,,,253.13,87.97,79.67,27.23,81.11,42.54,41.83,5,risk_on,173.0
2025-01-22,bull_2025,15.1,,,254.43,87.51,79.56,27.0,80.43,42.57,41.1,5,risk_on,179.98
2025-01-23,bull_2025,15.02,,,254.07,86.83,79.66,27.13,79.21,42.67,41.43,5,risk_on,179.32
2025-01-24,bull_2025,14.85,,,255.65,87.22,79.75,27.15,79.6,42.95,41.55,6,risk_on,173.16
2025-01-27,bull_2025,17.9,,,252.99,88.25,79.81,26.63,77.93,42.17,41.96,5,risk_on,168.55
2025-01-28,bull_2025,16.41,,,255.18,88.19,79.78,26.69,78.86,42.48,41.45,5,risk_on,163.64
2025-01-29,bull_2025,16.56,,,254.2,88.01,79.73,26.9,77.78,42.49,40.97,5,risk_on,157.43
2025-01-30,bull_2025,15.84,,,258.05,88.34,79.88,27.17,77.75,43.21,41.51,5,risk_on,156.7
2025-01-31,bull_2025,16.43,,,258.56,87.76,79.72,26.85,78.02,42.72,41.42,5,risk_on,158.47
2025-02-03,bull_2025,18.62,,,259.94,88.16,79.26,27.16,77.82,42.41,41.35,4,mild_risk_on,155.45
2025-02-04,bull_2025,17.21,,,262.5,88.43,79.51,27.48,77.51,43.17,41.35,5,risk_on,159.44
2025-02-05,bull_2025,15.77,,,264.13,89.89,79.72,27.93,76.09,43.06,42.0,5,risk_on,162.64
2025-02-06,bull_2025,15.5,,,263.43,89.85,79.6,28.09,75.45,43.24,42.12,5,risk_on,163.57
2025-02-07,bull_2025,16.54,,,263.9,89.27,79.35,28.9,75.86,43.2,41.97,5,risk_on,166.53
2025-02-10,bull_2025,15.81,,,268.37,89.0,79.51,29.5,77.4,43.72,42.03,5,risk_on,166.95
2025-02-11,bull_2025,16.02,,,267.39,88.43,79.48,28.88,78.27,43.55,42.26,5,risk_on,168.81
2025-02-12,bull_2025,15.89,,,267.67,87.23,79.31,29.58,76.32,43.79,41.9,5,risk_on,166.1
2025-02-13,bull_2025,15.1,,,270.31,88.68,79.67,30.16,76.39,44.07,42.23,6,risk_on,163.36
2025-02-14,bull_2025,14.77,,,266.29,89.15,79.76,29.27,75.82,44.41,42.06,6,risk_on,167.97
2025-02-17,bull_2025,15.37,,,,,,,,,,2,mild_risk_on,
2025-02-18,bull_2025,15.35,,,270.7,88.1,79.69,28.84,76.96,44.69,42.21,5,risk_on,183.12
2025-02-19,bull_2025,15.27,,,270.85,88.21,79.75,28.81,77.45,44.62,42.29,5,risk_on,175.76
2025-02-20,bull_2025,15.66,,,270.99,88.54,79.8,29.07,77.76,45.03,42.58,5,risk_on,178.57
2025-02-21,bull_2025,18.21,,,270.74,89.61,79.65,28.6,75.35,44.9,42.23,4,mild_risk_on,165.0
2025-02-24,bull_2025,18.98,,,272.21,89.87,79.75,28.4,75.97,44.21,42.42,4,mild_risk_on,156.93
2025-02-25,bull_2025,19.43,,,268.62,91.42,79.95,28.36,74.13,44.24,42.87,4,mild_risk_on,157.6
2025-02-26,bull_2025,19.1,,,269.03,91.96,80.06,28.6,73.85,44.68,42.66,4,mild_risk_on,153.44
2025-02-27,bull_2025,21.13,,,264.93,91.31,79.91,28.69,75.28,43.81,42.85,4,mild_risk_on,149.32
2025-02-28,bull_2025,19.63,,,263.27,92.43,80.13,28.38,75.22,43.21,43.15,4,mild_risk_on,157.94
2025-03-03,bull_2025,22.78,,,266.74,92.57,79.59,28.57,73.32,42.83,43.52,2,mild_risk_on,154.26
2025-03-04,bull_2025,23.51,,,269.06,91.43,79.58,28.49,73.31,43.19,43.02,2,mild_risk_on,151.38
2025-03-05,bull_2025,21.93,,,269.62,90.7,79.62,30.08,71.42,44.48,43.42,5,risk_on,138.88
2025-03-06,bull_2025,24.87,,,268.25,90.4,79.32,29.9,71.13,44.2,42.23,2,mild_risk_on,137.65
2025-03-07,bull_2025,23.37,,,268.39,90.11,79.45,29.48,72.09,44.42,42.47,2,mild_risk_on,139.94
2025-03-10,bull_2025,27.86,,,266.04,91.05,79.15,29.08,70.89,43.36,42.06,2,mild_risk_on,146.04
2025-03-11,bull_2025,26.92,,,269.16,90.4,78.87,29.9,71.45,43.72,41.62,2,mild_risk_on,132.79
2025-03-12,bull_2025,24.23,,,270.33,89.86,78.96,30.22,72.8,43.96,41.47,3,mild_risk_on,128.69
2025-03-13,bull_2025,24.66,,,275.13,90.65,78.52,30.78,71.62,43.78,40.66,3,mild_risk_on,128.86
2025-03-14,bull_2025,21.77,,,275.24,90.17,78.88,30.46,72.28,44.58,41.45,5,risk_on,130.3
2025-03-17,bull_2025,20.51,,,276.73,90.62,79.07,31.08,72.71,45.34,42.18,5,risk_on,133.9
2025-03-18,bull_2025,21.7,,,279.96,90.71,78.93,31.32,72.21,45.11,41.92,5,risk_on,136.75
2025-03-19,bull_2025,19.9,,,281.11,91.18,79.45,32.0,72.42,45.22,41.97,5,risk_on,136.45
2025-03-20,bull_2025,19.8,,,280.75,91.24,79.34,31.99,73.73,44.8,41.92,5,risk_on,140.79
2025-03-21,bull_2025,19.28,,,278.49,90.7,79.22,31.9,73.79,44.58,41.51,5,risk_on,141.73
2025-03-24,bull_2025,17.48,,,277.25,89.77,79.45,31.84,74.88,44.78,41.82,6,risk_on,144.01
2025-03-25,bull_2025,17.15,,,278.47,89.76,79.41,32.68,74.82,44.65,41.32,6,risk_on,148.68
2025-03-26,bull_2025,18.33,,,278.24,89.17,79.09,32.75,75.42,44.38,41.53,5,risk_on,144.75
2025-03-27,bull_2025,18.69,,,281.97,88.91,78.94,31.96,75.48,44.6,41.43,5,risk_on,140.85
2025-03-28,bull_2025,21.65,,,284.06,90.14,78.8,31.95,74.77,43.77,41.41,5,risk_on,139.04
2025-03-31,bull_2025,22.28,,,288.14,91.03,78.89,31.6,77.33,43.7,41.85,3,mild_risk_on,148.58
2025-04-01,bull_2025,21.77,,,287.57,91.49,78.69,31.52,77.08,43.84,41.88,5,risk_on,143.01
2025-04-02,bull_2025,21.51,,,288.16,91.43,78.85,31.53,77.74,43.9,42.08,5,risk_on,144.27
2025-04-03,bull_2025,30.02,,,286.42,91.85,77.87,30.07,72.25,42.97,40.82,1,neutral,139.2
2025-04-04,bull_2025,45.31,,,279.72,92.85,76.76,27.52,67.92,40.58,38.96,-1,mild_risk_off,136.54
2025-04-07,bull_2025,46.98,,,273.71,90.05,76.1,26.68,65.98,39.07,38.02,-1,mild_risk_off,133.82
2025-04-08,bull_2025,52.33,,,275.2,88.35,75.75,25.72,63.34,38.52,37.08,-1,mild_risk_off,135.68
2025-04-09,bull_2025,33.62,,,285.38,88.87,77.78,27.74,67.58,41.19,39.21,0,neutral,142.23
2025-04-10,bull_2025,40.72,,,292.35,86.42,76.51,27.49,65.32,40.48,38.38,-1,mild_risk_off,127.54
2025-04-11,bull_2025,37.56,,,297.93,86.89,76.74,28.51,66.46,41.75,38.92,-1,mild_risk_off,128.64
2025-04-14,bull_2025,30.89,,,296.23,87.51,77.12,29.4,66.66,42.13,39.78,0,neutral,135.71
2025-04-15,bull_2025,30.12,,,297.78,87.82,77.33,29.01,66.48,42.09,39.84,0,neutral,135.76
2025-04-16,bull_2025,32.64,,,307.47,88.31,77.32,29.32,67.75,41.6,39.82,0,neutral,131.32
2025-04-17,bull_2025,29.65,,,306.12,87.53,77.77,29.47,69.48,41.92,40.45,0,neutral,130.02
2025-04-21,bull_2025,33.82,,,315.59,86.0,77.31,29.79,68.62,41.91,39.61,0,neutral,125.77
2025-04-22,bull_2025,30.57,,,311.11,86.48,77.61,30.38,69.37,42.54,40.42,1,neutral,125.93
2025-04-23,bull_2025,28.45,,,303.65,87.32,78.0,30.37,68.05,43.03,40.47,1,neutral,126.67
2025-04-24,bull_2025,26.47,,,308.07,88.24,78.7,30.61,68.46,43.53,40.59,3,mild_risk_on,129.02
2025-04-25,bull_2025,24.84,,,304.73,88.89,78.77,30.38,69.03,43.45,40.53,3,mild_risk_on,132.37
2025-04-28,bull_2025,25.15,,,309.07,89.45,78.81,30.44,67.76,43.53,40.78,3,mild_risk_on,131.28
2025-04-29,bull_2025,24.17,,,306.06,90.2,79.02,30.18,65.85,43.65,41.11,3,mild_risk_on,134.29
2025-04-30,bull_2025,24.7,,,303.77,89.47,78.6,28.54,63.56,43.76,41.3,2,mild_risk_on,132.73
2025-05-01,bull_2025,24.6,,,297.46,88.69,78.3,28.82,64.52,43.75,41.42,2,mild_risk_on,134.07
2025-05-02,bull_2025,22.68,,,297.98,87.73,78.54,29.1,64.01,45.0,41.93,2,mild_risk_on,134.78
2025-05-05,bull_2025,23.64,,,306.88,87.24,78.51,29.24,62.37,45.34,41.88,2,mild_risk_on,134.12
2025-05-06,bull_2025,24.76,,,315.48,87.53,78.45,29.66,64.6,45.16,41.59,2,mild_risk_on,133.24
2025-05-07,bull_2025,23.55,,,310.75,87.9,78.52,28.74,63.51,44.64,41.56,2,mild_risk_on,132.21
2025-05-08,bull_2025,22.48,,,304.63,86.92,78.5,28.58,65.6,44.61,41.36,2,mild_risk_on,131.52
2025-05-09,bull_2025,21.9,,,306.84,87.05,78.55,28.94,66.61,44.91,41.61,4,mild_risk_on,128.4
2025-05-12,bull_2025,18.39,,,298.19,86.24,79.33,28.92,67.6,45.88,41.65,4,mild_risk_on,137.67
2025-05-13,bull_2025,18.22,,,299.46,85.89,79.47,29.41,69.59,45.96,41.09,4,mild_risk_on,140.52
2025-05-14,bull_2025,18.62,,,293.16,85.32,79.18,29.0,68.73,46.31,40.74,4,mild_risk_on,138.94
2025-05-15,bull_2025,17.83,,,297.84,86.07,79.33,29.27,67.59,46.29,41.49,5,risk_on,140.85
2025-05-16,bull_2025,17.24,,,294.24,86.3,79.42,28.61,68.1,46.26,42.01,5,risk_on,136.01
2025-05-19,bull_2025,18.14,,,298.03,86.05,79.38,29.09,68.51,46.36,42.1,4,mild_risk_on,135.94
2025-05-20,bull_2025,18.09,,,303.58,85.43,79.34,29.24,68.66,46.31,41.88,4,mild_risk_on,137.27
2025-05-21,bull_2025,20.87,,,305.82,83.97,78.81,29.21,67.59,46.19,40.77,4,mild_risk_on,137.28
2025-05-22,bull_2025,20.28,,,303.11,84.41,78.97,29.23,67.14,46.04,40.63,4,mild_risk_on,139.04
2025-05-23,bull_2025,22.29,,,309.75,84.55,78.95,30.39,67.99,46.23,40.64,3,mild_risk_on,139.34
2025-05-26,bull_2025,20.57,,,,,,,,,,1,neutral,
2025-05-27,bull_2025,18.96,,,304.5,85.73,79.43,29.65,67.28,46.12,41.31,4,mild_risk_on,140.89
2025-05-28,bull_2025,19.31,,,303.81,85.36,79.38,29.21,67.89,45.91,41.31,4,mild_risk_on,137.65
2025-05-29,bull_2025,19.18,,,305.61,86.15,79.5,29.16,67.19,46.08,41.69,4,mild_risk_on,137.26
2025-05-30,bull_2025,18.57,,,303.6,86.28,79.57,29.36,67.15,45.52,41.73,4,mild_risk_on,138.25
2025-06-02,bull_2025,18.36,,,311.67,85.16,79.18,30.37,69.55,45.85,41.79,5,risk_on,141.04
2025-06-03,bull_2025,17.69,,,308.91,85.01,79.33,30.39,69.89,45.96,41.64,6,risk_on,141.6
2025-06-04,bull_2025,17.61,,,310.9,86.39,79.48,30.51,69.34,46.53,41.77,6,risk_on,137.46
2025-06-05,bull_2025,18.48,,,309.33,86.45,79.31,30.76,69.93,46.77,41.76,5,risk_on,140.09
2025-06-06,bull_2025,16.77,,,305.18,85.35,79.3,30.23,71.38,46.92,41.88,6,risk_on,138.85
2025-06-09,bull_2025,17.16,,,306.62,85.44,79.34,30.68,72.05,47.32,41.86,6,risk_on,139.18
2025-06-10,bull_2025,16.95,,,306.71,85.88,79.53,30.7,71.6,47.59,42.23,6,risk_on,141.22
2025-06-11,bull_2025,17.26,,,308.37,86.14,79.51,30.02,74.82,47.79,42.0,6,risk_on,141.39
2025-06-12,bull_2025,18.02,,,312.2,87.17,79.6,30.26,75.05,47.87,42.23,5,risk_on,145.6
2025-06-13,bull_2025,20.82,,,316.29,86.33,79.36,29.77,80.22,47.11,41.89,4,mild_risk_on,149.65
2025-06-16,bull_2025,19.11,,,311.78,85.46,79.52,30.2,78.59,47.23,41.93,5,risk_on,156.6
2025-06-17,bull_2025,21.6,,,311.94,86.5,79.43,29.96,82.3,46.61,41.76,4,mild_risk_on,154.36
2025-06-18,bull_2025,20.14,,,310.26,86.65,79.55,30.35,82.27,46.6,41.84,5,risk_on,148.41
2025-06-19,bull_2025,22.17,,,,,,,,,,-1,mild_risk_off,
2025-06-20,bull_2025,20.62,,,310.13,86.49,79.8,30.29,83.12,46.33,41.83,5,risk_on,149.19
2025-06-23,bull_2025,19.83,,,311.08,86.77,79.95,30.65,76.41,46.71,42.06,5,risk_on,154.78
2025-06-24,bull_2025,17.48,,,306.19,87.4,80.17,30.69,73.0,47.92,42.26,6,risk_on,154.97
2025-06-25,bull_2025,16.76,,,307.12,87.51,80.15,30.86,73.31,47.96,41.23,6,risk_on,152.24
2025-06-26,bull_2025,16.59,,,306.78,87.95,80.38,31.7,73.59,48.28,40.97,6,risk_on,147.46
2025-06-27,bull_2025,16.32,,,301.22,87.39,80.34,31.67,73.28,48.09,41.12,6,risk_on,143.44
2025-06-30,bull_2025,16.73,,,304.83,88.25,80.65,31.64,73.11,48.24,41.42,6,risk_on,139.65
2025-07-01,bull_2025,16.83,,,307.55,88.14,80.17,31.57,73.93,48.33,41.7,6,risk_on,140.07
2025-07-02,bull_2025,16.64,,,309.25,87.58,80.32,32.24,75.59,48.54,41.78,6,risk_on,139.28
2025-07-03,bull_2025,16.38,,,307.14,86.97,80.37,31.91,75.19,48.76,41.8,6,risk_on,141.36
2025-07-04,bull_2025,17.48,,,,,,,,,,2,mild_risk_on,
2025-07-07,bull_2025,17.79,,,307.37,86.14,80.1,31.15,76.48,48.07,41.48,6,risk_on,137.96
2025-07-08,bull_2025,16.81,,,304.16,86.03,79.99,33.77,76.96,48.37,41.42,6,risk_on,140.8
2025-07-09,bull_2025,15.94,,,305.52,86.93,80.21,34.3,76.93,48.29,41.4,6,risk_on,141.75
2025-07-10,bull_2025,15.78,,,306.2,86.99,80.13,34.8,75.39,48.42,41.61,6,risk_on,143.32
2025-07-11,bull_2025,16.4,,,309.14,85.79,80.03,34.51,77.29,48.26,41.57,6,risk_on,144.96
2025-07-14,bull_2025,17.2,,,308.01,85.61,80.09,34.28,75.62,48.33,41.85,6,risk_on,147.0
2025-07-15,bull_2025,17.38,,,306.73,85.01,79.85,34.31,75.26,48.68,41.31,6,risk_on,143.72
2025-07-16,bull_2025,17.16,,,308.26,85.13,80.06,34.18,75.19,48.91,41.76,6,risk_on,146.71
2025-07-17,bull_2025,16.52,,,307.59,85.11,80.14,34.15,76.16,49.19,41.72,6,risk_on,151.12
2025-07-18,bull_2025,16.41,,,308.39,85.24,80.25,34.66,75.93,49.08,41.84,6,risk_on,150.45
2025-07-21,bull_2025,16.65,,,313.13,86.0,80.36,34.94,75.59,49.4,42.0,6,risk_on,154.83
2025-07-22,bull_2025,16.5,,,316.1,86.52,80.5,35.5,75.35,49.43,42.73,6,risk_on,153.44
2025-07-23,bull_2025,15.37,,,312.18,86.04,80.54,36.1,75.28,49.93,42.85,6,risk_on,159.29
2025-07-24,bull_2025,15.39,,,310.27,85.89,80.44,36.17,76.09,49.66,42.79,6,risk_on,159.41
2025-07-25,bull_2025,14.93,,,307.4,86.43,80.49,35.84,74.85,49.51,42.79,7,risk_on,145.57
2025-07-28,bull_2025,15.03,,,305.41,85.87,80.45,34.79,77.17,49.18,42.05,6,risk_on,147.65
2025-07-29,bull_2025,15.98,,,306.25,87.32,80.5,35.0,79.8,49.2,42.75,6,risk_on,149.12
2025-07-30,bull_2025,15.48,,,300.96,86.87,80.33,28.24,81.04,48.84,42.15,5,risk_on,154.08
2025-07-31,bull_2025,16.72,,,302.96,86.92,80.38,27.45,79.59,48.56,41.41,5,risk_on,152.29
2025-08-01,bull_2025,20.38,,,309.11,87.82,79.98,27.57,77.46,48.2,41.29,4,mild_risk_on,155.49
2025-08-04,bull_2025,17.52,,,310.91,88.06,80.25,27.72,76.11,48.7,41.64,5,risk_on,159.31
2025-08-05,bull_2025,17.85,,,311.16,88.33,80.21,27.21,75.02,48.84,41.78,5,risk_on,149.91
2025-08-06,bull_2025,16.77,,,310.5,87.82,80.29,27.46,73.79,49.07,41.43,5,risk_on,149.71
2025-08-07,bull_2025,16.57,,,313.12,87.67,80.21,27.48,73.42,49.48,41.59,5,risk_on,147.03
2025-08-08,bull_2025,15.15,,,313.05,87.29,80.22,27.77,73.3,49.44,41.25,5,risk_on,147.53
2025-08-11,bull_2025,16.25,,,308.55,87.39,80.22,27.69,73.8,49.3,41.01,5,risk_on,148.55
2025-08-12,bull_2025,14.73,,,308.27,86.95,80.4,28.06,72.95,49.9,41.08,6,risk_on,151.45
2025-08-13,bull_2025,14.49,,,309.21,87.67,80.61,27.95,72.46,50.5,41.35,6,risk_on,153.13
2025-08-14,bull_2025,14.83,,,307.25,87.02,80.4,27.99,73.74,49.88,41.06,6,risk_on,150.62
2025-08-15,bull_2025,15.09,,,307.43,86.4,80.46,27.92,72.8,49.94,41.33,5,risk_on,153.79
2025-08-18,bull_2026,14.99,13.79,4.341,306.95,86.15,80.4,27.84,73.17,50.23,40.94,6,risk_on,153.95
2025-08-19,bull_2026,15.57,14.7,4.302,305.27,86.65,80.38,27.57,72.3,49.82,41.67,5,risk_on,153.17
2025-08-20,bull_2026,15.69,15.09,4.296,308.36,86.84,80.35,27.66,73.52,49.75,41.83,5,risk_on,144.56
2025-08-21,bull_2026,16.6,16.37,4.33,307.29,86.41,80.2,27.77,74.13,49.64,41.68,5,risk_on,144.32
2025-08-22,bull_2026,14.22,11.85,4.26,310.58,87.05,80.85,27.77,74.64,50.63,42.34,7,risk_on,146.39
2025-08-25,bull_2026,14.79,13.01,4.275,309.83,86.8,80.69,27.86,75.75,50.34,42.13,7,risk_on,149.99
2025-08-26,bull_2026,14.62,12.91,4.258,312.08,86.75,80.87,27.93,74.05,50.21,42.01,7,risk_on,156.53
2025-08-27,bull_2026,14.85,13.27,4.238,312.71,86.65,80.97,27.66,74.68,49.91,42.19,7,risk_on,150.88
2025-08-28,bull_2026,14.43,11.68,4.207,315.03,87.22,81.01,27.93,75.24,50.1,42.08,7,risk_on,152.5
2025-08-29,bull_2026,15.36,12.72,4.227,318.07,86.6,80.86,28.13,74.84,49.86,42.31,6,risk_on,152.1
2025-09-01,bull_2026,16.12,,4.227,,,,,,,,2,mild_risk_on,
2025-09-02,bull_2026,17.17,16.17,4.277,325.59,85.63,80.39,28.49,76.76,49.82,41.59,5,risk_on,151.48
2025-09-03,bull_2026,16.35,14.45,4.211,328.14,86.57,80.61,28.36,74.83,50.01,41.48,6,risk_on,150.22
2025-09-04,bull_2026,15.3,13.32,4.176,326.69,87.23,80.83,28.08,74.18,49.85,41.76,6,risk_on,153.96
2025-09-05,bull_2026,15.18,12.66,4.086,331.05,88.56,80.87,27.94,72.63,50.45,42.18,6,risk_on,148.16
2025-09-08,bull_2026,15.11,13.5,4.046,334.82,89.74,80.87,28.03,73.04,50.91,41.9,6,risk_on,148.82
2025-09-09,bull_2026,15.04,13.61,4.074,334.06,89.23,80.78,28.13,73.39,51.19,41.88,5,risk_on,150.93
2025-09-10,bull_2026,15.35,14.29,4.032,335.26,89.74,80.84,28.33,74.71,51.54,41.86,5,risk_on,151.92
2025-09-11,bull_2026,14.71,12.99,4.011,334.76,90.34,81.04,28.8,73.0,52.29,42.54,7,risk_on,147.63
2025-09-12,bull_2026,14.76,12.85,4.061,335.42,89.95,80.96,28.6,73.31,52.26,42.35,7,risk_on,149.49
2025-09-15,bull_2026,15.69,14.71,4.034,338.91,90.16,81.19,29.03,74.23,52.64,42.3,5,risk_on,152.11
2025-09-16,bull_2026,16.36,15.79,4.026,339.59,90.35,81.13,28.95,75.67,53.03,42.05,5,risk_on,148.21
2025-09-17,bull_2026,15.72,14.53,4.076,336.97,90.12,81.05,28.42,74.97,53.26,42.03,5,risk_on,146.37
2025-09-18,bull_2026,15.7,13.53,4.104,335.62,89.19,81.23,28.34,74.69,53.13,42.06,6,risk_on,148.19
2025-09-19,bull_2026,15.45,12.41,4.139,339.18,89.02,81.26,28.58,73.52,53.01,41.85,6,risk_on,146.97
2025-09-22,bull_2026,16.1,14.25,4.143,345.05,88.7,81.32,28.62,73.45,53.27,41.67,6,risk_on,145.46
2025-09-23,bull_2026,16.64,14.67,4.12,346.46,89.32,81.26,28.62,75.05,53.3,42.0,6,risk_on,146.53
2025-09-24,bull_2026,16.18,13.39,4.147,343.32,88.98,81.15,29.7,76.39,53.12,41.57,6,risk_on,145.87
2025-09-25,bull_2026,16.74,14.17,4.172,344.75,88.98,80.92,29.51,76.99,52.81,41.47,6,risk_on,145.89
2025-09-26,bull_2026,15.29,12.27,4.187,346.74,88.9,81.08,29.37,77.02,52.71,41.88,6,risk_on,141.51
2025-09-29,bull_2026,16.12,13.51,4.141,352.46,89.63,81.22,30.29,74.59,53.19,41.96,7,risk_on,143.03
2025-09-30,bull_2026,16.28,13.95,4.148,355.47,89.37,81.19,30.0,73.75,53.4,42.13,6,risk_on,143.44
2025-10-01,bull_2026,16.29,13.53,4.106,356.03,89.29,80.96,30.15,73.14,53.82,42.13,7,risk_on,143.68
2025-10-02,bull_2026,16.63,13.79,4.088,354.79,89.55,80.93,30.56,71.54,54.07,41.91,7,risk_on,145.93
2025-10-03,bull_2026,16.65,13.47,4.119,357.64,89.38,80.84,31.32,71.71,54.23,42.08,7,risk_on,144.65
2025-10-06,bull_2026,16.37,13.57,4.162,364.38,88.67,80.86,31.13,72.87,54.48,41.66,7,risk_on,142.5
2025-10-07,bull_2026,17.24,14.99,4.127,366.26,89.18,80.77,31.3,73.2,54.06,41.53,7,risk_on,145.22
2025-10-08,bull_2026,16.3,13.17,4.129,372.3,89.25,80.65,31.38,73.53,54.49,41.32,7,risk_on,145.76
2025-10-09,bull_2026,16.43,13.92,4.148,365.43,89.18,80.42,31.67,72.51,53.93,41.13,7,risk_on,145.34
2025-10-10,bull_2026,21.66,21.7,4.051,369.12,90.62,79.95,30.27,69.39,51.94,40.68,5,risk_on,138.86
2025-10-13,bull_2026,19.03,18.02,4.051,378.09,90.57,80.45,31.59,70.28,53.45,40.91,5,risk_on,142.81
2025-10-14,bull_2026,20.81,20.38,4.022,380.79,90.86,80.54,30.85,69.0,52.97,41.3,5,risk_on,146.48
2025-10-15,bull_2026,20.64,19.28,4.046,387.39,90.66,80.8,30.74,68.99,53.84,41.9,5,risk_on,144.98
2025-10-16,bull_2026,25.31,25.87,3.976,396.45,91.34,80.51,30.84,67.81,54.19,41.77,3,mild_risk_on,147.14
2025-10-17,bull_2026,20.78,19.8,4.007,388.99,91.2,80.72,30.82,67.98,54.18,42.04,5,risk_on,147.63
2025-10-20,bull_2026,18.23,17.35,3.986,403.15,91.55,80.88,31.23,67.83,54.92,42.48,5,risk_on,151.31
2025-10-21,bull_2026,17.87,16.88,3.963,377.24,92.0,80.76,30.54,68.27,54.31,42.35,6,risk_on,149.95
2025-10-22,bull_2026,18.6,18.35,3.953,377.28,92.06,80.68,30.97,70.63,54.26,42.54,5,risk_on,152.85
2025-10-23,bull_2026,17.3,16.62,3.991,378.79,91.43,80.86,31.41,73.29,54.74,42.5,6,risk_on,154.34
2025-10-24,bull_2026,16.37,14.85,3.997,377.52,91.47,81.08,31.59,73.18,55.1,42.65,6,risk_on,153.49
2025-10-27,bull_2026,15.79,14.64,3.997,367.01,91.78,81.28,31.9,73.12,55.71,42.74,6,risk_on,148.5
2025-10-28,bull_2026,16.42,15.63,3.983,364.38,92.02,81.2,31.99,71.39,55.69,41.79,6,risk_on,140.37
2025-10-29,bull_2026,16.92,15.61,4.058,363.0,91.09,80.95,32.2,71.8,56.01,40.65,6,risk_on,139.45
2025-10-30,bull_2026,16.91,14.9,4.093,370.13,90.56,80.8,31.57,71.71,55.43,40.88,7,risk_on,141.15
2025-10-31,bull_2026,17.44,14.71,4.101,368.12,90.29,80.8,31.53,72.56,55.3,40.9,7,risk_on,142.78
2025-11-03,bull_2026,17.17,14.97,4.106,368.78,89.74,80.14,31.28,72.74,55.65,40.83,7,risk_on,141.99
2025-11-04,bull_2026,19.0,17.75,4.089,362.32,89.94,80.15,30.53,71.93,54.63,40.94,5,risk_on,144.01
2025-11-05,bull_2026,18.01,15.87,4.157,366.51,88.96,80.23,30.88,71.03,55.12,40.93,6,risk_on,143.64
2025-11-06,bull_2026,19.5,18.12,4.093,366.07,89.76,80.26,30.83,70.88,54.71,40.73,5,risk_on,143.54
2025-11-07,bull_2026,19.08,17.31,4.093,368.31,89.57,80.33,30.67,71.26,54.55,41.27,5,risk_on,141.27
2025-11-10,bull_2026,17.6,16.04,4.11,378.38,89.55,80.6,31.61,71.68,55.51,41.24,6,risk_on,142.94
2025-11-11,bull_2026,17.28,15.18,4.12,379.87,89.96,80.69,31.34,72.72,55.57,41.7,7,risk_on,143.45
2025-11-12,bull_2026,17.51,15.37,4.065,385.99,90.12,80.53,31.5,69.79,55.58,41.37,7,risk_on,138.57
2025-11-13,bull_2026,20.0,19.17,4.112,382.87,89.38,80.2,31.26,69.85,54.93,40.83,5,risk_on,142.49
2025-11-14,bull_2026,19.83,18.61,4.148,375.96,88.87,80.22,31.32,71.38,54.96,40.95,5,risk_on,137.93
2025-11-17,bull_2026,22.38,22.33,4.133,371.65,89.09,80.09,30.91,71.3,54.31,40.68,3,mild_risk_on,140.9
2025-11-18,bull_2026,24.69,25.18,4.123,374.35,89.06,80.11,30.8,72.5,54.04,40.83,3,mild_risk_on,142.98
2025-11-19,bull_2026,23.66,23.1,4.133,374.96,88.88,80.15,31.13,70.88,53.85,40.51,3,mild_risk_on,143.05
2025-11-20,bull_2026,26.42,26.35,4.106,374.85,89.23,80.1,30.77,70.15,53.11,40.37,3,mild_risk_on,144.96
2025-11-21,bull_2026,23.43,21.51,4.063,374.27,89.5,80.37,31.07,69.3,53.1,40.9,3,mild_risk_on,148.34
2025-11-24,bull_2026,20.52,18.55,4.038,380.2,90.01,80.59,31.11,70.42,53.66,40.96,5,risk_on,148.6
2025-11-25,bull_2026,18.56,15.39,4.002,380.08,90.24,80.87,31.18,69.25,53.85,41.29,6,risk_on,151.68
2025-11-26,bull_2026,17.19,13.33,3.998,383.12,90.64,80.95,31.84,70.04,54.24,41.47,7,risk_on,145.04
2025-11-27,bull_2026,17.21,,3.998,,,,,,,,2,mild_risk_on,
2025-11-28,bull_2026,16.35,13.61,4.017,387.88,90.21,80.99,32.28,71.07,54.32,41.67,7,risk_on,143.0
2025-12-01,bull_2026,17.24,16.55,4.096,389.75,88.77,80.47,32.29,71.06,54.28,41.09,6,risk_on,144.86
2025-12-02,bull_2026,16.59,15.42,4.086,387.24,88.81,80.62,32.14,70.2,54.3,40.99,6,risk_on,144.94
2025-12-03,bull_2026,16.08,14.46,4.057,386.88,89.06,80.69,33.03,70.66,54.34,41.07,7,risk_on,149.23
2025-12-04,bull_2026,15.78,14.3,4.108,387.13,88.58,80.75,32.84,71.39,54.33,41.0,6,risk_on,148.91
2025-12-05,bull_2026,15.41,13.9,4.139,386.44,88.17,80.75,33.35,71.92,54.74,40.99,6,risk_on,148.83
2025-12-08,bull_2026,16.66,16.29,4.172,385.42,87.88,80.55,33.24,70.49,54.62,40.74,6,risk_on,150.63
2025-12-09,bull_2026,16.93,16.3,4.186,387.4,87.97,80.46,32.65,69.86,54.53,40.5,6,risk_on,150.32
2025-12-10,bull_2026,15.77,14.68,4.164,389.05,88.31,80.73,33.07,70.54,55.14,40.58,6,risk_on,147.55
2025-12-11,bull_2026,14.85,12.46,4.141,393.24,88.19,80.72,33.61,69.25,54.88,40.8,8,risk_on,148.32
2025-12-12,bull_2026,15.74,13.48,4.194,395.44,87.34,80.57,32.83,68.81,54.24,40.75,7,risk_on,153.59
2025-12-15,bull_2026,16.5,14.2,4.182,395.8,87.4,80.61,33.15,67.89,54.08,40.91,7,risk_on,161.86
2025-12-16,bull_2026,16.48,13.88,4.149,395.89,87.88,80.66,32.89,66.17,52.98,40.55,7,risk_on,156.99
2025-12-17,bull_2026,17.62,15.75,4.151,399.29,87.8,80.56,33.23,67.98,52.6,40.73,7,risk_on,153.49
2025-12-18,bull_2026,16.87,13.92,4.116,398.57,88.22,80.78,33.26,67.19,53.2,40.48,7,risk_on,155.38
2025-12-19,bull_2026,14.91,10.49,4.151,399.02,87.55,80.36,33.6,68.03,53.72,40.33,8,risk_on,155.87
2025-12-22,bull_2026,14.08,10.5,4.169,408.23,87.36,80.43,33.73,69.73,54.01,40.19,8,risk_on,159.93
2025-12-23,bull_2026,14.0,10.06,4.169,413.64,87.5,80.49,34.15,70.3,54.31,40.18,8,risk_on,160.53
2025-12-24,bull_2026,13.47,9.17,4.136,411.93,88.03,80.64,34.2,70.2,54.42,40.44,8,risk_on,161.3
2025-12-25,bull_2026,,,4.136,,,,,,,,0,neutral,
2025-12-26,bull_2026,13.6,9.65,4.136,416.74,87.74,80.6,35.81,68.48,54.8,40.52,8,risk_on,151.45
2025-12-29,bull_2026,14.2,11.37,4.116,398.6,88.07,80.63,34.18,69.61,54.66,40.63,8,risk_on,150.47
2025-12-30,bull_2026,14.33,11.46,4.13,398.89,87.86,80.71,35.25,69.74,54.88,40.72,8,risk_on,148.33
2025-12-31,bull_2026,14.95,12.0,4.163,396.31,87.16,80.63,34.96,69.16,54.71,40.35,8,risk_on,148.7
2026-01-01,bull_2026,,,4.163,,,,,,,,0,neutral,
2026-01-02,bull_2026,14.51,11.72,4.187,398.28,87.03,80.67,34.98,68.96,56.24,40.38,8,risk_on,141.86
2026-01-05,bull_2026,14.9,12.44,4.165,408.76,87.46,80.88,36.77,70.22,56.86,40.43,8,risk_on,142.45
2026-01-06,bull_2026,14.75,12.13,4.179,413.18,87.28,80.9,37.27,68.51,57.28,40.7,8,risk_on,146.23
2026-01-07,bull_2026,15.38,12.54,4.138,409.23,87.79,80.88,35.91,67.79,56.85,40.14,7,risk_on,143.57
2026-01-08,bull_2026,15.45,12.83,4.183,411.49,87.35,80.94,35.68,70.54,56.87,40.44,7,risk_on,147.08
2026-01-09,bull_2026,14.49,10.86,4.171,414.47,87.93,81.0,36.15,70.78,57.14,40.5,8,risk_on,146.04
2026-01-12,bull_2026,15.12,11.94,4.187,422.23,87.67,81.04,36.88,71.65,57.94,40.62,7,risk_on,149.75
2026-01-13,bull_2026,15.98,12.51,4.171,421.63,87.82,81.04,36.89,73.48,57.51,40.93,7,risk_on,151.6
2026-01-14,bull_2026,16.75,13.18,4.14,425.94,88.33,81.04,37.5,72.61,57.75,41.39,7,risk_on,152.52
2026-01-15,bull_2026,15.84,12.32,4.16,423.33,88.31,81.04,36.77,71.13,58.09,41.7,7,risk_on,151.57
2026-01-16,bull_2026,15.86,12.09,4.231,421.29,87.8,81.09,35.94,71.65,57.87,42.21,7,risk_on,153.59
2026-01-19,bull_2026,18.84,,4.231,,,,,,,,1,neutral,
2026-01-20,bull_2026,20.09,19.93,4.295,437.23,86.65,80.88,35.71,71.86,57.31,41.4,5,risk_on,154.96
2026-01-21,bull_2026,16.9,15.88,4.253,443.6,87.31,81.12,35.68,73.34,58.26,41.55,6,risk_on,144.41
2026-01-22,bull_2026,15.64,14.38,4.249,451.79,87.69,81.18,35.66,71.82,58.7,41.14,6,risk_on,141.31
2026-01-23,bull_2026,16.09,15.0,4.239,458.0,87.93,81.14,36.52,73.95,59.07,41.25,6,risk_on,144.02
2026-01-26,bull_2026,16.15,15.05,4.213,464.7,88.35,81.18,36.54,73.48,59.17,41.22,6,risk_on,148.1
2026-01-27,bull_2026,16.35,14.85,4.223,476.1,87.8,81.17,36.58,75.66,60.34,41.25,6,risk_on,147.25
2026-01-28,bull_2026,16.35,14.54,4.251,494.56,87.6,81.04,36.78,76.62,60.75,40.85,7,risk_on,144.98
2026-01-29,bull_2026,16.88,15.22,4.227,495.9,87.62,81.03,38.71,79.14,60.44,41.37,6,risk_on,143.74
2026-01-30,bull_2026,17.44,15.69,4.241,444.95,87.13,81.12,36.43,79.52,59.1,41.43,7,risk_on,143.65
2026-02-02,bull_2026,16.34,14.45,4.275,427.13,86.55,80.77,35.88,75.33,59.28,40.96,7,risk_on,146.56
2026-02-03,bull_2026,18.0,17.07,4.274,454.29,86.76,80.72,37.48,77.47,59.6,40.81,5,risk_on,143.85
2026-02-04,bull_2026,18.64,18.67,4.275,453.97,86.54,80.62,36.29,77.88,58.8,41.46,5,risk_on,143.16
2026-02-05,bull_2026,21.77,22.29,4.21,441.88,87.48,80.53,35.24,76.69,58.53,41.23,5,risk_on,137.16
2026-02-06,bull_2026,17.76,15.43,4.206,455.46,87.54,80.81,36.24,76.99,60.07,41.99,7,risk_on,140.31
2026-02-09,bull_2026,17.36,14.75,4.198,467.03,87.52,80.92,36.77,78.02,60.51,42.25,7,risk_on,145.23
2026-02-10,bull_2026,17.79,14.94,4.147,462.4,88.53,80.84,36.33,78.03,60.6,42.84,7,risk_on,145.71
2026-02-11,bull_2026,17.65,14.18,4.172,467.63,88.06,80.83,36.8,78.89,61.56,42.8,7,risk_on,143.78
2026-02-12,bull_2026,20.82,19.8,4.104,451.39,89.23,80.79,35.51,76.38,60.86,42.87,5,risk_on,142.5
2026-02-13,bull_2026,20.6,18.77,4.056,462.62,89.72,80.85,35.56,76.22,61.12,43.5,5,risk_on,139.35
2026-02-16,bull_2026,21.2,,4.056,,,,,,,,1,neutral,
2026-02-17,bull_2026,20.29,20.31,4.052,448.2,89.87,80.81,34.94,75.73,60.87,43.94,5,risk_on,140.28
2026-02-18,bull_2026,19.62,19.08,4.079,458.28,89.53,80.91,35.58,79.4,61.19,43.35,5,risk_on,139.17
2026-02-19,bull_2026,20.23,19.87,4.075,459.56,89.62,80.94,35.54,81.19,61.04,43.2,5,risk_on,141.19
2026-02-20,bull_2026,19.09,18.02,4.086,468.62,89.41,81.0,36.17,80.85,62.34,43.56,5,risk_on,145.52
2026-02-23,bull_2026,21.01,21.11,4.029,481.28,89.74,80.87,35.68,80.9,61.65,43.61,5,risk_on,141.43
2026-02-24,bull_2026,19.55,18.6,4.033,474.61,89.9,80.81,36.3,80.76,62.62,43.73,5,risk_on,141.94
2026-02-25,bull_2026,17.93,16.28,4.048,473.42,89.91,80.92,36.78,79.73,63.31,43.44,6,risk_on,146.05
2026-02-26,bull_2026,18.63,16.65,4.048,477.48,90.27,80.85,36.73,79.77,62.71,43.63,6,risk_on,146.57
2026-02-27,bull_2026,19.86,18.59,3.962,483.75,90.82,80.72,36.88,81.95,62.58,43.84,5,risk_on,146.67
2026-03-02,bull_2026,21.44,21.18,4.048,490.0,89.61,80.28,36.39,87.19,61.5,43.92,5,risk_on,151.78
2026-03-03,bull_2026,23.57,24.55,4.056,468.14,89.43,80.12,35.6,90.2,58.42,43.7,3,mild_risk_on,152.83
2026-03-04,bull_2026,21.15,20.6,4.08,471.8,89.15,80.4,35.97,91.56,59.05,43.76,5,risk_on,152.87
2026-03-05,bull_2026,23.75,23.55,4.146,466.13,88.79,80.08,35.58,96.31,57.63,43.34,3,mild_risk_on,153.95
2026-03-06,bull_2026,29.49,30.44,4.133,473.51,88.46,79.69,35.63,108.77,57.32,42.89,2,mild_risk_on,151.8
2026-03-09,bull_2026,25.5,27.85,4.136,472.53,89.23,80.17,35.9,104.33,58.45,42.98,3,mild_risk_on,157.98
2026-03-10,bull_2026,24.93,25.54,4.136,477.86,88.28,80.04,36.08,105.86,58.68,42.92,3,mild_risk_on,154.46
2026-03-11,bull_2026,24.23,24.44,4.208,476.24,87.14,79.86,36.12,108.05,58.83,42.41,3,mild_risk_on,152.44
2026-03-12,bull_2026,27.29,28.98,4.273,466.88,86.97,79.35,35.57,118.39,56.95,42.14,3,mild_risk_on,139.94
2026-03-13,bull_2026,27.19,28.0,4.285,460.84,86.54,79.2,34.82,119.89,56.8,42.25,3,mild_risk_on,137.76
2026-03-16,bull_2026,23.51,24.33,4.22,460.43,87.21,79.45,35.69,115.03,58.38,42.58,3,mild_risk_on,141.49
2026-03-17,bull_2026,22.37,22.36,4.202,459.27,87.45,79.81,35.21,118.84,58.75,42.72,3,mild_risk_on,145.04
2026-03-18,bull_2026,25.09,26.03,4.259,444.74,86.955,79.4,33.65,121.67,57.56,42.02,3,mild_risk_on,136.54
2026-03-19,bull_2026,24.06,24.09,4.281,426.41,87.49,79.66,33.72,117.36,57.62,41.92,3,mild_risk_on,138.26
2026-03-20,bull_2026,26.78,26.95,4.391,413.38,85.83,78.92,32.35,121.43,55.64,40.59,3,mild_risk_on,139.12
2026-03-23,bull_2026,26.15,27.76,4.334,404.04,86.385,79.44,33.53,110.56,57.31,40.62,3,mild_risk_on,142.02
2026-03-24,bull_2026,26.95,28.21,4.392,404.13,86.01,79.17,33.35,114.54,56.52,40.29,3,mild_risk_on,142.63
2026-03-25,bull_2026,25.33,25.26,4.328,416.29,86.84,79.42,33.79,113.39,57.42,40.27,3,mild_risk_on,140.88
2026-03-26,bull_2026,27.44,27.05,4.416,400.64,86.11,78.92,33.33,117.26,55.47,40.29,3,mild_risk_on,143.99
2026-03-27,bull_2026,31.05,30.64,4.44,414.7,85.64,78.72,33.45,124.2,55.2,40.01,2,mild_risk_on,139.0
2026-03-30,bull_2026,30.61,30.57,4.342,414.58,86.78,78.81,33.59,129.83,54.75,40.21,2,mild_risk_on,142.23
2026-03-31,bull_2026,25.25,24.18,4.311,430.29,86.69,79.56,34.43,127.25,56.79,40.83,3,mild_risk_on,145.45
2026-04-01,bull_2026,24.54,23.61,4.319,437.82,86.26,79.37,34.34,124.09,57.23,40.95,3,mild_risk_on,143.77
2026-04-02,bull_2026,23.87,21.71,4.313,429.41,86.79,79.56,34.37,137.92,56.59,41.61,3,mild_risk_on,146.95
2026-04-03,bull_2026,,,4.313,,,,,,,,0,neutral,
2026-04-06,bull_2026,24.17,23.9,4.335,427.65,86.65,79.7,34.3,138.94,57.11,41.76,3,mild_risk_on,147.6
2026-04-07,bull_2026,25.78,27.27,4.343,431.81,86.64,79.72,34.08,138.08,57.31,41.72,3,mild_risk_on,148.45
2026-04-08,bull_2026,21.04,19.16,4.291,434.53,86.92,80.19,35.25,124.58,60.44,42.44,5,risk_on,150.36
2026-04-09,bull_2026,19.49,16.81,4.293,437.91,86.7,80.28,35.21,126.96,60.28,42.73,6,risk_on,143.27
2026-04-10,bull_2026,19.23,16.36,4.317,437.13,86.49,79.96,35.87,124.82,60.56,42.82,6,risk_on,144.18
2026-04-13,bull_2026,19.12,17.33,4.297,435.36,86.75,80.26,36.79,128.47,61.07,43.02,5,risk_on,156.93
2026-04-14,bull_2026,18.36,16.7,4.256,445.09,87.21,80.5,37.26,123.85,62.24,43.43,5,risk_on,149.94
2026-04-15,bull_2026,18.17,16.01,4.282,440.46,86.83,80.46,37.26,122.59,62.2,43.41,6,risk_on,139.23
2026-04-16,bull_2026,17.94,15.46,4.309,440.08,86.28,80.35,36.94,125.84,62.45,43.81,7,risk_on,140.74
2026-04-17,bull_2026,17.48,14.81,4.246,445.93,87.07,80.65,37.29,116.04,63.64,44.48,7,risk_on,141.82
2026-04-20,bull_2026,18.87,17.79,4.25,445.93,87.05,80.65,37.01,121.32,63.18,44.64,5,risk_on,141.9
2026-04-21,bull_2026,19.5,18.68,4.292,429.57,86.57,80.37,36.56,128.25,62.25,43.78,5,risk_on,140.91
2026-04-22,bull_2026,18.92,17.29,4.294,435.26,86.74,80.5,37.6,129.4,63.38,43.46,5,risk_on,140.84
2026-04-23,bull_2026,19.31,18.04,4.323,431.04,86.55,80.37,36.96,134.72,62.35,43.96,5,risk_on,139.59
2026-04-24,bull_2026,18.71,16.71,4.31,433.25,86.71,80.48,36.94,132.4,63.74,43.83,6,risk_on,139.08
2026-04-27,bull_2026,18.02,16.69,4.336,429.89,86.28,80.51,36.93,134.72,63.64,43.49,5,risk_on,139.64
2026-04-28,bull_2026,17.83,16.69,4.354,421.91,86.37,80.4,36.24,139.6,62.99,43.91,6,risk_on,138.16
2026-04-29,bull_2026,18.81,17.61,4.418,417.41,85.7,80.13,35.97,150.63,62.69,43.64,5,risk_on,141.88
2026-04-30,bull_2026,16.89,14.37,4.39,423.66,85.62,80.38,36.53,147.09,63.99,44.4,7,risk_on,143.33
2026-05-01,bull_2026,16.99,14.15,4.378,423.18,85.61,80.06,36.23,142.8,64.13,44.32,7,risk_on,141.38
2026-05-04,bull_2026,18.29,16.6,4.446,414.71,84.96,79.8,35.58,147.61,64.1,44.08,5,risk_on,141.74
2026-05-05,bull_2026,17.38,14.64,4.416,418.27,85.43,79.92,36.33,144.17,65.4,44.17,7,risk_on,138.74
2026-05-06,bull_2026,17.39,14.76,4.356,430.96,86.08,80.16,37.54,133.95,67.49,44.74,7,risk_on,135.42
2026-05-07,bull_2026,17.08,14.56,4.392,431.68,85.65,79.86,37.35,134.97,66.59,44.4,7,risk_on,136.11
2026-05-08,bull_2026,17.19,14.21,4.364,433.77,86.08,80.14,38.27,133.59,67.94,44.41,7,risk_on,138.21
2026-05-11,bull_2026,18.38,16.89,4.41,434.65,85.56,79.98,39.39,138.66,67.89,44.57,5,risk_on,140.21
2026-05-12,bull_2026,17.99,16.34,4.463,432.93,84.99,79.87,40.44,144.3,65.82,44.58,6,risk_on,139.41
2026-05-13,bull_2026,17.87,15.87,4.481,430.5,84.8,79.91,40.27,142.04,67.21,44.21,7,risk_on,141.51
2026-05-14,bull_2026,17.26,15.14,4.461,427.21,84.92,79.85,40.02,143.0,67.38,43.91,7,risk_on,139.32
2026-05-15,bull_2026,18.43,16.37,4.595,417.29,83.66,79.46,38.14,148.23,65.07,43.23,6,risk_on,145.77
2026-05-18,bull_2026,17.82,16.86,4.623,418.43,83.56,79.54,38.4,149.29,64.97,43.75,6,risk_on,138.4
2026-05-19,bull_2026,18.06,16.64,4.667,411.5,83.02,79.35,37.63,152.96,64.26,43.94,5,risk_on,135.5
2026-05-20,bull_2026,17.44,15.14,4.572,417.4,83.91,79.86,38.57,144.27,65.46,44.43,7,risk_on,132.31
2026-05-21,bull_2026,16.76,14.08,4.586,416.99,84.22,79.9,38.58,142.54,66.03,44.5,7,risk_on,136.96
2026-05-22,bull_2026,16.7,14.07,4.558,413.82,84.68,79.91,38.92,140.92,65.88,44.56,7,risk_on,137.39
2026-05-25,bull_2026,16.59,,4.558,,,,,,,,2,mild_risk_on,
2026-05-26,bull_2026,17.01,14.84,4.493,414.0,85.1,80.18,39.03,137.0,68.4,44.71,7,risk_on,139.04
2026-05-27,bull_2026,16.29,13.27,4.481,408.49,85.3,80.13,38.48,131.03,68.39,44.63,7,risk_on,138.57
2026-05-28,bull_2026,15.74,12.98,4.455,412.77,85.74,80.23,39.06,130.78,68.61,44.41,7,risk_on,139.52
2026-05-29,bull_2026,15.32,12.59,4.453,417.12,85.76,80.31,38.86,129.09,68.6,43.99,7,risk_on,144.18
2026-06-01,bull_2026,16.05,13.76,4.475,411.26,85.47,79.84,39.96,135.5,70.08,43.27,7,risk_on,142.46
2026-06-02,bull_2026,15.77,13.19,4.455,411.95,85.65,79.9,40.6,137.27,70.8,43.49,7,risk_on,143.24
2026-06-03,bull_2026,16.06,13.41,4.491,407.87,85.31,79.68,39.42,140.86,69.92,43.51,7,risk_on,136.86
2026-06-04,bull_2026,15.4,12.65,4.477,411.27,85.5,79.83,39.73,136.74,69.1,44.4,7,risk_on,142.15
2026-06-05,bull_2026,21.51,23.92,4.536,396.24,85.06,79.43,38.08,133.02,64.59,44.7,4,mild_risk_on,152.25
2026-06-08,bull_2026,18.92,19.69,4.552,397.27,84.62,79.54,38.55,135.15,65.75,44.03,5,risk_on,145.0
2026-06-09,bull_2026,19.87,22.14,4.528,390.78,85.12,79.62,38.6,131.3,65.82,44.97,4,mild_risk_on,141.97
2026-06-10,bull_2026,22.22,25.67,4.542,374.58,84.88,79.47,37.72,134.3,64.66,44.99,1,neutral,143.08
2026-06-11,bull_2026,19.44,20.66,4.463,386.32,85.98,79.94,38.94,128.83,67.5,44.92,5,risk_on,142.98
2026-06-12,bull_2026,17.68,17.26,4.487,386.54,85.77,79.94,39.55,125.43,67.88,45.36,6,risk_on,142.6
2026-06-15,bull_2026,16.2,15.58,4.469,396.55,85.72,80.04,39.65,121.21,69.75,44.99,6,risk_on,144.32
2026-06-16,bull_2026,16.41,15.77,4.428,397.63,86.19,80.03,39.55,115.47,68.64,45.1,6,risk_on,142.66
2026-06-17,bull_2026,18.44,18.63,4.463,388.6,86.33,79.73,38.64,114.23,68.56,43.97,5,risk_on,142.62
2026-06-18,bull_2026,16.4,13.93,4.451,387.12,86.75,80.01,38.86,114.87,70.79,43.86,7,risk_on,146.72
2026-06-19,bull_2026,16.78,,4.451,,,,,,,,2,mild_risk_on,
2026-06-22,bull_2026,17.28,16.29,4.509,384.59,86.09,79.94,38.81,112.69,71.21,44.02,6,risk_on,141.85
2026-06-23,bull_2026,19.49,19.47,4.493,377.32,86.2,79.87,37.32,111.26,67.17,44.64,5,risk_on,143.14
2026-06-24,bull_2026,18.63,18.07,4.402,365.92,87.38,79.85,36.31,106.29,67.25,44.51,5,risk_on,145.3
2026-06-25,bull_2026,18.89,17.92,4.392,369.46,87.35,79.88,36.98,109.31,67.96,44.59,5,risk_on,139.89
2026-06-26,bull_2026,18.41,16.8,4.372,373.63,87.36,79.83,37.33,105.48,67.19,45.24,5,risk_on,139.4
2026-06-29,bull_2026,17.65,15.51,4.374,368.58,87.45,80.01,37.23,107.08,67.43,44.92,7,risk_on,144.46
2026-06-30,bull_2026,16.45,13.73,4.418,368.38,86.42,79.97,37.73,106.44,68.41,44.03,7,risk_on,149.6
2026-07-01,bull_2026,16.59,13.14,4.475,370.6,85.52,79.59,37.21,103.27,66.48,44.18,7,risk_on,154.82
2026-07-02,bull_2026,16.15,12.37,4.485,378.13,85.51,79.71,37.29,103.98,65.7,44.68,7,risk_on,150.02
2026-07-03,bull_2026,15.81,,4.485,,,,,,,,2,mild_risk_on,
2026-07-06,bull_2026,15.57,12.32,4.479,382.13,85.45,79.87,37.84,104.35,67.57,44.29,7,risk_on,145.38
2026-07-07,bull_2026,16.13,13.42,4.529,377.49,84.55,79.76,37.39,108.92,65.72,44.89,7,risk_on,145.74
2026-07-08,bull_2026,16.9,14.41,4.569,374.45,84.36,79.66,37.07,112.21,66.23,44.15,7,risk_on,149.79
2026-07-09,bull_2026,15.84,12.5,4.539,378.18,84.49,79.75,37.75,109.01,66.78,44.23,7,risk_on,144.67
2026-07-10,bull_2026,15.03,11.15,4.569,377.01,84.47,79.71,37.99,108.7,66.9,44.45,7,risk_on,144.27
2026-07-13,bull_2026,17.16,15.13,4.609,367.13,83.97,79.52,37.94,117.79,64.5,44.7,7,risk_on,145.69
2026-07-14,bull_2026,16.5,13.46,4.585,372.15,84.08,79.68,38.54,120.17,65.67,44.48,7,risk_on,145.13
2026-07-15,bull_2026,15.67,12.06,4.545,372.35,84.24,79.81,38.63,121.38,65.57,44.56,7,risk_on,148.51
2026-07-16,bull_2026,16.73,13.98,4.569,364.96,84.21,79.8,38.06,119.3,64.19,45.46,7,risk_on,145.72
2026-07-17,bull_2026,18.77,16.85,4.541,368.41,84.52,79.65,37.92,123.96,63.29,45.42,6,risk_on,147.28
2026-07-20,bull_2026,18.65,17.78,4.598,367.6,83.89,79.68,38.42,125.51,63.56,45.23,5,risk_on,146.05
2026-07-21,bull_2026,17.05,15.48,4.628,374.81,83.66,79.65,39.53,128.85,65.34,45.2,6,risk_on,151.66
2026-07-22,bull_2026,16.64,14.88,4.657,379.12,83.44,79.52,39.25,131.68,64.99,45.01,7,risk_on,150.19
2026-07-23,bull_2026,18.7,18.15,4.703,371.52,83.17,79.23,38.24,139.49,64.6,44.95,5,risk_on,145.95
2026-07-24,bull_2026,18.58,17.62,4.679,371.9,83.25,79.23,38.35,136.69,63.33,45.95,5,risk_on,147.28
2026-07-27,bull_2026,18.67,18.13,4.641,374.63,83.75,79.27,38.77,124.76,63.62,45.76,5,risk_on,146.6
2026-07-28,bull_2026,18.21,17.25,4.641,369.37,84.24,79.42,38.33,120.49,62.36,46.01,5,risk_on,142.98
2026-07-29,bull_2026,20.66,20.38,4.622,371.08,82.85,79.24,38.35,129.31,61.07,45.96,5,risk_on,139.55
2026-07-30,bull_2026,17.09,14.85,4.663,377.16,82.8,79.47,39.34,127.48,63.59,45.3,7,risk_on,139.9
2026-07-31,bull_2026,15.99,13.05,4.745,371.54,82.25,79.48,39.56,129.17,64.09,45.07,7,risk_on,141.23
2026-08-03,bull_2026,15.86,13.28,4.686,371.71,82.19,79.31,39.64,122.12,64.32,45.18,7,risk_on,139.96
2026-08-04,bull_2026,16.5,15.04,4.627,374.16,82.82,79.55,40.14,115.78,66.0,45.17,6,risk_on,126.41
2026-08-05,bull_2026,15.81,13.79,4.617,389.64,83.0,79.52,40.85,114.88,65.72,45.2,7,risk_on,133.32
2026-08-06,bull_2026,15.15,12.66,4.67,389.67,82.52,79.46,40.76,118.87,65.02,44.81,7,risk_on,134.73
2026-08-07,bull_2026,14.9,11.96,4.66,398.47,82.76,79.61,39.9,117.98,65.64,44.98,8,risk_on,132.57
2026-08-10,bull_2026,15.46,12.77,4.699,402.54,82.06,79.48,40.18,125.92,65.17,44.4,7,risk_on,137.13
2026-08-11,bull_2026,15.28,12.52,4.684,400.96,82.19,79.51,40.22,127.61,65.43,44.08,7,risk_on,135.59
2026-08-12,bull_2026,14.55,11.09,4.682,404.92,82.11,79.61,40.02,127.3,66.46,44.49,8,risk_on,136.54
2026-08-13,bull_2026,14.63,11.37,4.641,398.96,82.59,79.79,39.85,125.03,66.68,45.12,8,risk_on,134.37
2026-08-14,bull_2026,14.25,10.61,4.696,401.48,82.04,79.71,40.01,126.6,66.61,45.27,8,risk_on,138.36
2026-08-17,bull_2026,15.19,12.39,4.724,405.49,81.35,79.61,40.13,130.29,67.32,44.83,7,risk_on,142.91
