date,ticker,spot_price,rsi_14,ma_200,above_200ma,rsi_pct,iv_pct,pc_pct,iv_current,pc_ratio,gex_b,gex_regime,zero_gamma,call_wall,put_wall,opportunity_score,signal,signal_detail
2026-03-30,AAPL,246.63,27.96,248.29,False,9.5,,,,,,,,,,3,NEUTRAL — mild dip in own history,"RSI extremely oversold vs own history (bottom 10%) | Below 200MA — downtrend, scale in slowly [price-based only]"
2026-03-30,AMZN,200.95,36.66,224.61,False,18.3,,,,,,,,,,2,NEUTRAL — mild dip in own history,"RSI very oversold vs own history (bottom 18%) | Below 200MA — downtrend, scale in slowly [price-based only]"
2026-03-30,GOOGL,273.5,20.7,263.23,True,2.8,,,,,,,,,,4,WATCH — price-based setup (options data from today forward),RSI extremely oversold vs own history (bottom 3%) | Above 200MA — uptrend intact [price-based only]
2026-03-30,META,536.38,19.48,686.81,False,2.3,,,,,,,,,,3,NEUTRAL — mild dip in own history,"RSI extremely oversold vs own history (bottom 2%) | Below 200MA — downtrend, scale in slowly [price-based only]"
2026-03-30,MSFT,358.96,12.4,478.51,False,0.9,,,,,,,,,,3,NEUTRAL — mild dip in own history,"RSI extremely oversold vs own history (bottom 1%) | Below 200MA — downtrend, scale in slowly [price-based only]"
2026-03-30,NVDA,165.17,26.04,179.34,False,1.4,,,,,,,,,,3,NEUTRAL — mild dip in own history,"RSI extremely oversold vs own history (bottom 1%) | Below 200MA — downtrend, scale in slowly [price-based only]"
2026-03-30,TSLA,355.28,30.59,396.22,False,9.3,,,,,,,,,,3,NEUTRAL — mild dip in own history,"RSI extremely oversold vs own history (bottom 9%) | Below 200MA — downtrend, scale in slowly [price-based only]"
2026-03-31,AAPL,253.79,41.08,248.56,True,29.8,,,,,,,,,,2,NEUTRAL — mild dip in own history,RSI oversold vs own history (bottom 30%) | Above 200MA — uptrend intact [price-based only]
2026-03-31,AMZN,208.27,46.07,224.59,False,38.1,,,,,,,,,,0,NO SIGNAL — not oversold vs own history,"Below 200MA — downtrend, scale in slowly [price-based only]"
2026-03-31,GOOGL,287.56,34.82,263.79,True,13.4,,,,,,,,,,3,NEUTRAL — mild dip in own history,RSI very oversold vs own history (bottom 13%) | Above 200MA — uptrend intact [price-based only]
2026-03-31,META,572.13,31.84,686.21,False,14.1,,,,,,,,,,2,NEUTRAL — mild dip in own history,"RSI very oversold vs own history (bottom 14%) | Below 200MA — downtrend, scale in slowly [price-based only]"
2026-03-31,MSFT,370.17,26.09,477.97,False,7.9,,,,,,,,,,3,NEUTRAL — mild dip in own history,"RSI extremely oversold vs own history (bottom 8%) | Below 200MA — downtrend, scale in slowly [price-based only]"
2026-03-31,NVDA,174.4,38.1,179.49,False,13.9,,,,,,,,,,2,NEUTRAL — mild dip in own history,"RSI very oversold vs own history (bottom 14%) | Below 200MA — downtrend, scale in slowly [price-based only]"
2026-03-31,TSLA,371.75,35.11,396.48,False,14.8,,,,,,,,,,2,NEUTRAL — mild dip in own history,"RSI very oversold vs own history (bottom 15%) | Below 200MA — downtrend, scale in slowly [price-based only]"
2026-04-01,AAPL,255.63,49.82,248.86,True,44.0,,,,,,,,,,1,NO SIGNAL — not oversold vs own history,Above 200MA — uptrend intact [price-based only]
2026-04-01,AMZN,210.57,50.95,224.58,False,47.7,,,,,,,,,,0,NO SIGNAL — not oversold vs own history,"Below 200MA — downtrend, scale in slowly [price-based only]"
2026-04-01,GOOGL,297.39,45.86,264.4,True,33.9,,,,,,,,,,2,NEUTRAL — mild dip in own history,RSI oversold vs own history (bottom 34%) | Above 200MA — uptrend intact [price-based only]
2026-04-01,META,579.23,36.49,685.69,False,23.0,,,,,,,,,,1,NO SIGNAL — not oversold vs own history,"RSI oversold vs own history (bottom 23%) | Below 200MA — downtrend, scale in slowly [price-based only]"
2026-04-01,MSFT,369.37,26.91,477.44,False,9.9,,,,,,,,,,3,NEUTRAL — mild dip in own history,"RSI extremely oversold vs own history (bottom 10%) | Below 200MA — downtrend, scale in slowly [price-based only]"
2026-04-01,NVDA,175.75,42.19,179.65,False,25.1,,,,,,,,,,1,NO SIGNAL — not oversold vs own history,"RSI oversold vs own history (bottom 25%) | Below 200MA — downtrend, scale in slowly [price-based only]"
2026-04-01,TSLA,381.26,44.17,396.76,False,34.3,,,,,,,,,,1,NO SIGNAL — not oversold vs own history,"RSI oversold vs own history (bottom 34%) | Below 200MA — downtrend, scale in slowly [price-based only]"
2026-04-02,AAPL,255.92,59.42,249.15,True,63.0,,,,,,,,,,1,NO SIGNAL — not oversold vs own history,Above 200MA — uptrend intact [price-based only]
2026-04-02,AMZN,209.77,51.95,224.55,False,49.4,,,,,,,,,,0,NO SIGNAL — not oversold vs own history,"Below 200MA — downtrend, scale in slowly [price-based only]"
2026-04-02,GOOGL,295.77,45.64,265.0,True,33.1,,,,,,,,,,2,NEUTRAL — mild dip in own history,RSI oversold vs own history (bottom 33%) | Above 200MA — uptrend intact [price-based only]
2026-04-02,META,574.46,40.11,685.05,False,29.2,,,,,,,,,,1,NO SIGNAL — not oversold vs own history,"RSI oversold vs own history (bottom 29%) | Below 200MA — downtrend, scale in slowly [price-based only]"
2026-04-02,MSFT,373.46,33.79,476.92,False,21.6,,,,,,,,,,1,NO SIGNAL — not oversold vs own history,"RSI oversold vs own history (bottom 22%) | Below 200MA — downtrend, scale in slowly [price-based only]"
2026-04-02,NVDA,177.39,46.9,179.82,False,38.9,,,,,,,,,,0,NO SIGNAL — not oversold vs own history,"Below 200MA — downtrend, scale in slowly [price-based only]"
2026-04-02,TSLA,360.59,38.64,396.92,False,22.5,,,,,,,,,,1,NO SIGNAL — not oversold vs own history,"RSI oversold vs own history (bottom 22%) | Below 200MA — downtrend, scale in slowly [price-based only]"
2026-04-06,AAPL,258.86,59.73,249.46,True,63.8,,,,,,,,,,1,NO SIGNAL — not oversold vs own history,Above 200MA — uptrend intact [price-based only]
2026-04-06,AMZN,212.79,50.99,224.54,False,47.7,,,,,,,,,,0,NO SIGNAL — not oversold vs own history,"Below 200MA — downtrend, scale in slowly [price-based only]"
2026-04-06,GOOGL,299.99,46.32,265.62,True,35.8,,,,,,,,,,1,NO SIGNAL — not oversold vs own history,Above 200MA — uptrend intact [price-based only]
2026-04-06,META,573.02,35.38,684.43,False,20.9,,,,,,,,,,1,NO SIGNAL — not oversold vs own history,"RSI oversold vs own history (bottom 21%) | Below 200MA — downtrend, scale in slowly [price-based only]"
2026-04-06,MSFT,372.88,28.95,476.39,False,14.2,,,,,,,,,,2,NEUTRAL — mild dip in own history,"RSI very oversold vs own history (bottom 14%) | Below 200MA — downtrend, scale in slowly [price-based only]"
2026-04-06,NVDA,177.64,43.57,179.99,False,28.0,,,,,,,,,,1,NO SIGNAL — not oversold vs own history,"RSI oversold vs own history (bottom 28%) | Below 200MA — downtrend, scale in slowly [price-based only]"
2026-04-06,TSLA,352.82,34.53,397.1,False,14.0,,,,,,,,,,2,NEUTRAL — mild dip in own history,"RSI very oversold vs own history (bottom 14%) | Below 200MA — downtrend, scale in slowly [price-based only]"
2026-04-07,AAPL,253.5,48.96,249.75,True,43.0,,,,,,,,,,1,NO SIGNAL — not oversold vs own history,Above 200MA — uptrend intact [price-based only]
2026-04-07,AMZN,213.77,48.58,224.55,False,42.1,,,,,,,,,,0,NO SIGNAL — not oversold vs own history,"Below 200MA — downtrend, scale in slowly [price-based only]"
2026-04-07,GOOGL,305.46,46.39,266.28,True,35.9,,,,,,,,,,1,NO SIGNAL — not oversold vs own history,Above 200MA — uptrend intact [price-based only]
2026-04-07,META,575.05,37.02,683.83,False,23.8,,,,,,,,,,1,NO SIGNAL — not oversold vs own history,"RSI oversold vs own history (bottom 24%) | Below 200MA — downtrend, scale in slowly [price-based only]"
2026-04-07,MSFT,372.29,28.93,475.85,False,14.2,,,,,,,,,,2,NEUTRAL — mild dip in own history,"RSI very oversold vs own history (bottom 14%) | Below 200MA — downtrend, scale in slowly [price-based only]"
2026-04-07,NVDA,178.1,45.5,180.15,False,33.9,,,,,,,,,,1,NO SIGNAL — not oversold vs own history,"RSI oversold vs own history (bottom 34%) | Below 200MA — downtrend, scale in slowly [price-based only]"
2026-04-07,TSLA,346.65,31.28,397.22,False,10.8,,,,,,,,,,2,NEUTRAL — mild dip in own history,"RSI very oversold vs own history (bottom 11%) | Below 200MA — downtrend, scale in slowly [price-based only]"
2026-04-08,AAPL,258.9,62.41,250.04,True,70.1,,,,,,,,,,1,NO SIGNAL — not oversold vs own history,Above 200MA — uptrend intact [price-based only]
2026-04-08,AMZN,221.25,60.83,224.6,False,69.2,,,,,,,,,,0,NO SIGNAL — not oversold vs own history,"Below 200MA — downtrend, scale in slowly [price-based only]"
2026-04-08,GOOGL,317.32,55.71,267.03,True,50.2,,,,,,,,,,1,NO SIGNAL — not oversold vs own history,Above 200MA — uptrend intact [price-based only]
2026-04-08,META,612.42,49.24,683.48,False,46.1,,,,,,,,,,0,NO SIGNAL — not oversold vs own history,"Below 200MA — downtrend, scale in slowly [price-based only]"
2026-04-08,MSFT,374.33,35.15,475.33,False,24.7,,,,,,,,,,1,NO SIGNAL — not oversold vs own history,"RSI oversold vs own history (bottom 25%) | Below 200MA — downtrend, scale in slowly [price-based only]"
2026-04-08,NVDA,182.08,51.87,180.34,True,50.2,,,,,,,,,,1,NO SIGNAL — not oversold vs own history,Above 200MA — uptrend intact [price-based only]
2026-04-08,TSLA,343.25,31.99,397.33,False,11.6,,,,,,,,,,2,NEUTRAL — mild dip in own history,"RSI very oversold vs own history (bottom 12%) | Below 200MA — downtrend, scale in slowly [price-based only]"
2026-04-09,AAPL,260.49,65.7,250.33,True,75.6,,,,,,,,,,1,NO SIGNAL — not oversold vs own history,Above 200MA — uptrend intact [price-based only]
2026-04-09,AMZN,233.65,69.5,224.73,True,87.7,,,,,,,,,,1,NO SIGNAL — not oversold vs own history,Above 200MA — uptrend intact [price-based only]
2026-04-09,GOOGL,318.49,56.69,267.8,True,52.8,,,,,,,,,,1,NO SIGNAL — not oversold vs own history,Above 200MA — uptrend intact [price-based only]
2026-04-09,META,628.39,54.91,683.13,False,54.4,,,,,,,,,,0,NO SIGNAL — not oversold vs own history,"Below 200MA — downtrend, scale in slowly [price-based only]"
2026-04-09,MSFT,373.07,36.07,474.77,False,25.7,,,,,,,,,,1,NO SIGNAL — not oversold vs own history,"RSI oversold vs own history (bottom 26%) | Below 200MA — downtrend, scale in slowly [price-based only]"
2026-04-09,NVDA,183.91,55.95,180.54,True,58.8,,,,,,,,,,1,NO SIGNAL — not oversold vs own history,Above 200MA — uptrend intact [price-based only]
2026-04-09,TSLA,345.62,36.39,397.31,False,17.3,,,,,,,,,,2,NEUTRAL — mild dip in own history,"RSI very oversold vs own history (bottom 17%) | Below 200MA — downtrend, scale in slowly [price-based only]"
2026-04-10,AAPL,260.48,67.47,250.63,True,79.8,,,,,,,,,,1,NO SIGNAL — not oversold vs own history,Above 200MA — uptrend intact [price-based only]
2026-04-10,AMZN,238.38,75.33,224.86,True,93.9,,,,,,,,,,1,NO SIGNAL — not oversold vs own history,Above 200MA — uptrend intact [price-based only]
2026-04-10,GOOGL,317.24,60.14,268.55,True,63.2,,,,,,,,,,1,NO SIGNAL — not oversold vs own history,Above 200MA — uptrend intact [price-based only]
2026-04-10,META,629.86,58.65,682.71,False,64.1,,,,,,,,,,0,NO SIGNAL — not oversold vs own history,"Below 200MA — downtrend, scale in slowly [price-based only]"
2026-04-10,MSFT,370.87,39.49,474.17,False,31.4,,,,,,,,,,1,NO SIGNAL — not oversold vs own history,"RSI oversold vs own history (bottom 31%) | Below 200MA — downtrend, scale in slowly [price-based only]"
2026-04-10,NVDA,188.63,68.17,180.74,True,81.4,,,,,,,,,,1,NO SIGNAL — not oversold vs own history,Above 200MA — uptrend intact [price-based only]
2026-04-10,TSLA,348.95,41.97,397.35,False,29.8,,,,,,,,,,1,NO SIGNAL — not oversold vs own history,"RSI oversold vs own history (bottom 30%) | Below 200MA — downtrend, scale in slowly [price-based only]"
2026-04-13,AAPL,259.2,61.5,250.92,True,67.1,,,,,,,,,,1,NO SIGNAL — not oversold vs own history,Above 200MA — uptrend intact [price-based only]
2026-04-13,AMZN,239.89,74.03,225.0,True,93.2,,,,,,,,,,1,NO SIGNAL — not oversold vs own history,Above 200MA — uptrend intact [price-based only]
2026-04-13,GOOGL,321.31,61.58,269.3,True,65.3,,,,,,,,,,1,NO SIGNAL — not oversold vs own history,Above 200MA — uptrend intact [price-based only]
2026-04-13,META,634.53,57.49,682.34,False,61.2,,,,,,,,,,0,NO SIGNAL — not oversold vs own history,"Below 200MA — downtrend, scale in slowly [price-based only]"
2026-04-13,MSFT,384.37,51.06,473.63,False,55.1,,,,,,,,,,0,NO SIGNAL — not oversold vs own history,"Below 200MA — downtrend, scale in slowly [price-based only]"
2026-04-13,NVDA,189.31,66.44,180.92,True,78.9,,,,,,,,,,1,NO SIGNAL — not oversold vs own history,Above 200MA — uptrend intact [price-based only]
2026-04-13,TSLA,352.42,36.95,397.48,False,18.6,,,,,,,,,,2,NEUTRAL — mild dip in own history,"RSI very oversold vs own history (bottom 19%) | Below 200MA — downtrend, scale in slowly [price-based only]"
2026-04-14,AAPL,258.83,60.65,251.21,True,65.4,,,,,,,,,,1,NO SIGNAL — not oversold vs own history,Above 200MA — uptrend intact [price-based only]
2026-04-14,AMZN,249.02,80.67,225.16,True,98.0,,,,,,,,,,1,NO SIGNAL — not oversold vs own history,Above 200MA — uptrend intact [price-based only]
2026-04-14,GOOGL,332.91,75.56,270.1,True,87.6,,,,,,,,,,1,NO SIGNAL — not oversold vs own history,Above 200MA — uptrend intact [price-based only]
2026-04-14,META,662.49,65.79,682.03,False,77.8,,,,,,,,,,0,NO SIGNAL — not oversold vs own history,"Below 200MA — downtrend, scale in slowly [price-based only]"
2026-04-14,MSFT,393.11,66.12,473.11,False,79.4,,,,,,,,,,0,NO SIGNAL — not oversold vs own history,"Below 200MA — downtrend, scale in slowly [price-based only]"
2026-04-14,NVDA,196.51,72.05,181.12,True,88.9,,,,,,,,,,1,NO SIGNAL — not oversold vs own history,Above 200MA — uptrend intact [price-based only]
2026-04-14,TSLA,364.2,42.06,397.67,False,30.3,,,,,,,,,,1,NO SIGNAL — not oversold vs own history,"RSI oversold vs own history (bottom 30%) | Below 200MA — downtrend, scale in slowly [price-based only]"
2026-04-15,AAPL,266.43,67.1,251.54,True,78.8,,,,,,,,,,1,NO SIGNAL — not oversold vs own history,Above 200MA — uptrend intact [price-based only]
2026-04-15,AMZN,248.5,78.67,225.28,True,97.3,,,,,,,,,,1,NO SIGNAL — not oversold vs own history,Above 200MA — uptrend intact [price-based only]
2026-04-15,GOOGL,337.12,76.61,270.89,True,88.3,,,,,,,,,,1,NO SIGNAL — not oversold vs own history,Above 200MA — uptrend intact [price-based only]
2026-04-15,META,671.58,66.86,681.72,False,79.7,,,,,,,,,,0,NO SIGNAL — not oversold vs own history,"Below 200MA — downtrend, scale in slowly [price-based only]"
2026-04-15,MSFT,411.22,75.25,472.69,False,92.3,,,,,,,,,,0,NO SIGNAL — not oversold vs own history,"Below 200MA — downtrend, scale in slowly [price-based only]"
2026-04-15,NVDA,198.87,71.38,181.33,True,87.8,,,,,,,,,,1,NO SIGNAL — not oversold vs own history,Above 200MA — uptrend intact [price-based only]
2026-04-15,TSLA,391.95,52.09,398.01,False,52.8,,,,,,,,,,0,NO SIGNAL — not oversold vs own history,"Below 200MA — downtrend, scale in slowly [price-based only]"
2026-04-16,AAPL,263.4,62.18,251.83,True,68.5,,,,,,,,,,1,NO SIGNAL — not oversold vs own history,Above 200MA — uptrend intact [price-based only]
2026-04-16,AMZN,249.7,84.44,225.43,True,99.5,,,,,,,,,,1,NO SIGNAL — not oversold vs own history,Above 200MA — uptrend intact [price-based only]
2026-04-16,GOOGL,336.02,85.37,271.69,True,95.0,,,,,,,,,,1,NO SIGNAL — not oversold vs own history,Above 200MA — uptrend intact [price-based only]
2026-04-16,META,676.87,84.88,681.41,False,95.5,,,,,,,,,,0,NO SIGNAL — not oversold vs own history,"Below 200MA — downtrend, scale in slowly [price-based only]"
2026-04-16,MSFT,420.26,82.49,472.3,False,97.5,,,,,,,,,,0,NO SIGNAL — not oversold vs own history,"Below 200MA — downtrend, scale in slowly [price-based only]"
2026-04-16,NVDA,198.35,83.64,181.53,True,98.2,,,,,,,,,,1,NO SIGNAL — not oversold vs own history,Above 200MA — uptrend intact [price-based only]
2026-04-16,TSLA,388.9,56.33,398.37,False,60.8,,,,,,,,,,0,NO SIGNAL — not oversold vs own history,"Below 200MA — downtrend, scale in slowly [price-based only]"
2026-04-17,AAPL,270.23,73.36,252.14,True,86.3,,,,,,,,,,1,NO SIGNAL — not oversold vs own history,Above 200MA — uptrend intact [price-based only]
2026-04-17,AMZN,250.56,97.55,225.58,True,100.0,,,,,,,,,,1,NO SIGNAL — not oversold vs own history,Above 200MA — uptrend intact [price-based only]
2026-04-17,GOOGL,341.68,93.75,272.52,True,100.0,,,,,,,,,,1,NO SIGNAL — not oversold vs own history,Above 200MA — uptrend intact [price-based only]
2026-04-17,META,688.55,96.46,681.26,True,98.2,,,,,,,,,,1,NO SIGNAL — not oversold vs own history,Above 200MA — uptrend intact [price-based only]
2026-04-17,MSFT,422.79,92.94,471.96,False,98.2,,,,,,,,,,0,NO SIGNAL — not oversold vs own history,"Below 200MA — downtrend, scale in slowly [price-based only]"
2026-04-17,NVDA,201.68,92.81,181.77,True,100.0,,,,,,,,,,1,NO SIGNAL — not oversold vs own history,Above 200MA — uptrend intact [price-based only]
2026-04-17,TSLA,400.62,64.47,398.87,True,76.6,,,,,,,,,,1,NO SIGNAL — not oversold vs own history,Above 200MA — uptrend intact [price-based only]
2026-04-20,AAPL,273.05,78.4,252.44,True,92.6,,,,,,,,,,1,NO SIGNAL — not oversold vs own history,Above 200MA — uptrend intact [price-based only]
2026-04-20,AMZN,248.28,93.4,225.73,True,99.8,,,,,,,,,,1,NO SIGNAL — not oversold vs own history,Above 200MA — uptrend intact [price-based only]
2026-04-20,GOOGL,337.42,89.76,273.31,True,97.3,,,,,,,,,,1,NO SIGNAL — not oversold vs own history,Above 200MA — uptrend intact [price-based only]
2026-04-20,META,670.91,86.91,681.04,False,95.7,,,,,,,,,,0,NO SIGNAL — not oversold vs own history,"Below 200MA — downtrend, scale in slowly [price-based only]"
2026-04-20,MSFT,418.07,87.22,471.59,False,98.0,,,,,,,,,,0,NO SIGNAL — not oversold vs own history,"Below 200MA — downtrend, scale in slowly [price-based only]"
2026-04-20,NVDA,202.06,98.63,182.0,True,100.0,,,,,,,,,,1,NO SIGNAL — not oversold vs own history,Above 200MA — uptrend intact [price-based only]
2026-04-20,TSLA,392.5,63.73,399.25,False,74.7,,,,,,,,,,0,NO SIGNAL — not oversold vs own history,"Below 200MA — downtrend, scale in slowly [price-based only]"
2026-04-21,AAPL,266.17,63.39,252.71,True,71.4,,,,,,,,,,1,NO SIGNAL — not oversold vs own history,Above 200MA — uptrend intact [price-based only]
2026-04-21,AMZN,249.91,92.63,225.86,True,99.6,,,,,,,,,,1,NO SIGNAL — not oversold vs own history,Above 200MA — uptrend intact [price-based only]
2026-04-21,GOOGL,332.29,81.3,274.08,True,92.6,,,,,,,,,,1,NO SIGNAL — not oversold vs own history,Above 200MA — uptrend intact [price-based only]
2026-04-21,META,668.84,82.55,680.79,False,94.4,,,,,,,,,,0,NO SIGNAL — not oversold vs own history,"Below 200MA — downtrend, scale in slowly [price-based only]"
2026-04-21,MSFT,424.16,86.34,471.22,False,97.5,,,,,,,,,,0,NO SIGNAL — not oversold vs own history,"Below 200MA — downtrend, scale in slowly [price-based only]"
2026-04-21,NVDA,199.88,91.26,182.2,True,99.1,,,,,,,,,,1,NO SIGNAL — not oversold vs own history,Above 200MA — uptrend intact [price-based only]
2026-04-21,TSLA,386.42,55.86,399.61,False,59.7,,,,,,,,,,0,NO SIGNAL — not oversold vs own history,"Below 200MA — downtrend, scale in slowly [price-based only]"
2026-04-22,AAPL,273.17,67.06,253.02,True,78.1,,,,,,,,,,1,NO SIGNAL — not oversold vs own history,Above 200MA — uptrend intact [price-based only]
2026-04-22,AMZN,255.36,93.08,226.02,True,99.6,,,,,,,,,,1,NO SIGNAL — not oversold vs own history,Above 200MA — uptrend intact [price-based only]
2026-04-22,GOOGL,339.32,80.54,274.89,True,92.0,,,,,,,,,,1,NO SIGNAL — not oversold vs own history,Above 200MA — uptrend intact [price-based only]
2026-04-22,META,674.72,82.41,680.57,False,94.2,,,,,,,,,,0,NO SIGNAL — not oversold vs own history,"Below 200MA — downtrend, scale in slowly [price-based only]"
2026-04-22,MSFT,432.92,88.63,470.89,False,98.0,,,,,,,,,,0,NO SIGNAL — not oversold vs own history,"Below 200MA — downtrend, scale in slowly [price-based only]"
2026-04-22,NVDA,202.5,91.6,182.42,True,99.1,,,,,,,,,,1,NO SIGNAL — not oversold vs own history,Above 200MA — uptrend intact [price-based only]
2026-04-22,TSLA,387.51,52.68,400.07,False,54.7,,,,,,,,,,0,NO SIGNAL — not oversold vs own history,"Below 200MA — downtrend, scale in slowly [price-based only]"
2026-04-23,AAPL,273.43,67.04,253.34,True,78.0,,,,,,,,,,1,NO SIGNAL — not oversold vs own history,Above 200MA — uptrend intact [price-based only]
2026-04-23,AMZN,255.08,94.02,226.2,True,99.8,,,,,,,,,,1,NO SIGNAL — not oversold vs own history,Above 200MA — uptrend intact [price-based only]
2026-04-23,GOOGL,338.89,81.96,275.71,True,92.7,,,,,,,,,,1,NO SIGNAL — not oversold vs own history,Above 200MA — uptrend intact [price-based only]
2026-04-23,META,659.15,76.78,680.27,False,90.9,,,,,,,,,,0,NO SIGNAL — not oversold vs own history,"Below 200MA — downtrend, scale in slowly [price-based only]"
2026-04-23,MSFT,415.75,72.18,470.49,False,88.6,,,,,,,,,,0,NO SIGNAL — not oversold vs own history,"Below 200MA — downtrend, scale in slowly [price-based only]"
2026-04-23,NVDA,199.64,83.34,182.62,True,97.1,,,,,,,,,,1,NO SIGNAL — not oversold vs own history,Above 200MA — uptrend intact [price-based only]
2026-04-23,TSLA,373.72,55.97,400.45,False,60.1,,,,,,,,,,0,NO SIGNAL — not oversold vs own history,"Below 200MA — downtrend, scale in slowly [price-based only]"
2026-04-24,AAPL,271.06,62.01,253.64,True,67.6,,,,,,,,,,1,NO SIGNAL — not oversold vs own history,Above 200MA — uptrend intact [price-based only]
2026-04-24,AMZN,263.99,94.63,226.4,True,99.8,,,,,,,,,,1,NO SIGNAL — not oversold vs own history,Above 200MA — uptrend intact [price-based only]
2026-04-24,GOOGL,344.4,82.3,276.55,True,92.7,,,,,,,,,,1,NO SIGNAL — not oversold vs own history,Above 200MA — uptrend intact [price-based only]
2026-04-24,META,675.03,79.56,679.98,False,93.3,,,,,,,,,,0,NO SIGNAL — not oversold vs own history,"Below 200MA — downtrend, scale in slowly [price-based only]"
2026-04-24,MSFT,424.62,74.97,470.1,False,90.2,,,,,,,,,,0,NO SIGNAL — not oversold vs own history,"Below 200MA — downtrend, scale in slowly [price-based only]"
2026-04-24,NVDA,208.27,86.68,182.85,True,97.8,,,,,,,,,,1,NO SIGNAL — not oversold vs own history,Above 200MA — uptrend intact [price-based only]
2026-04-24,TSLA,376.3,61.21,400.86,False,71.1,,,,,,,,,,0,NO SIGNAL — not oversold vs own history,"Below 200MA — downtrend, scale in slowly [price-based only]"
2026-04-27,AAPL,267.61,64.43,253.92,True,72.7,,,,,,,,,,1,NO SIGNAL — not oversold vs own history,Above 200MA — uptrend intact [price-based only]
2026-04-27,AMZN,261.12,89.96,226.6,True,98.7,,,,,,,,,,1,NO SIGNAL — not oversold vs own history,Above 200MA — uptrend intact [price-based only]
2026-04-27,GOOGL,350.34,82.42,277.42,True,92.7,,,,,,,,,,1,NO SIGNAL — not oversold vs own history,Above 200MA — uptrend intact [price-based only]
2026-04-27,META,678.62,79.74,679.73,False,93.3,,,,,,,,,,0,NO SIGNAL — not oversold vs own history,"Below 200MA — downtrend, scale in slowly [price-based only]"
2026-04-27,MSFT,424.82,75.44,469.71,False,91.4,,,,,,,,,,0,NO SIGNAL — not oversold vs own history,"Below 200MA — downtrend, scale in slowly [price-based only]"
2026-04-27,NVDA,216.61,88.8,183.11,True,98.2,,,,,,,,,,1,NO SIGNAL — not oversold vs own history,Above 200MA — uptrend intact [price-based only]
2026-04-27,TSLA,378.67,65.87,401.2,False,78.7,,,,,,,,,,0,NO SIGNAL — not oversold vs own history,"Below 200MA — downtrend, scale in slowly [price-based only]"
2026-04-28,AAPL,270.71,62.67,254.21,True,69.5,,,,,,,,,,1,NO SIGNAL — not oversold vs own history,Above 200MA — uptrend intact [price-based only]
2026-04-28,AMZN,259.7,86.14,226.77,True,98.5,,,,,,,,,,1,NO SIGNAL — not oversold vs own history,Above 200MA — uptrend intact [price-based only]
2026-04-28,GOOGL,349.78,78.02,278.26,True,88.9,,,,,,,,,,1,NO SIGNAL — not oversold vs own history,Above 200MA — uptrend intact [price-based only]
2026-04-28,META,671.34,70.45,679.5,False,82.5,,,,,,,,,,0,NO SIGNAL — not oversold vs own history,"Below 200MA — downtrend, scale in slowly [price-based only]"
2026-04-28,MSFT,429.25,76.0,469.34,False,91.8,,,,,,,,,,0,NO SIGNAL — not oversold vs own history,"Below 200MA — downtrend, scale in slowly [price-based only]"
2026-04-28,NVDA,213.17,81.67,183.35,True,95.6,,,,,,,,,,1,NO SIGNAL — not oversold vs own history,Above 200MA — uptrend intact [price-based only]
2026-04-28,TSLA,376.02,66.36,401.51,False,79.6,,,,,,,,,,0,NO SIGNAL — not oversold vs own history,"Below 200MA — downtrend, scale in slowly [price-based only]"
2026-04-29,AAPL,270.17,60.63,254.52,True,63.8,,,,,,,,,,1,NO SIGNAL — not oversold vs own history,Above 200MA — uptrend intact [price-based only]
2026-04-29,AMZN,263.04,83.3,226.96,True,97.4,,,,,,,,,,1,NO SIGNAL — not oversold vs own history,Above 200MA — uptrend intact [price-based only]
2026-04-29,GOOGL,349.94,77.63,279.11,True,87.9,,,,,,,,,,1,NO SIGNAL — not oversold vs own history,Above 200MA — uptrend intact [price-based only]
2026-04-29,META,669.12,65.63,679.24,False,75.7,,,,,,,,,,0,NO SIGNAL — not oversold vs own history,"Below 200MA — downtrend, scale in slowly [price-based only]"
2026-04-29,MSFT,424.46,73.54,468.95,False,89.4,,,,,,,,,,0,NO SIGNAL — not oversold vs own history,"Below 200MA — downtrend, scale in slowly [price-based only]"
2026-04-29,NVDA,209.25,74.76,183.58,True,89.4,,,,,,,,,,1,NO SIGNAL — not oversold vs own history,Above 200MA — uptrend intact [price-based only]
2026-04-29,TSLA,372.8,63.46,401.79,False,74.4,,,,,,,,,,0,NO SIGNAL — not oversold vs own history,"Below 200MA — downtrend, scale in slowly [price-based only]"
2026-04-30,AAPL,271.35,61.64,254.83,True,66.1,,,,,,,,,,1,NO SIGNAL — not oversold vs own history,Above 200MA — uptrend intact [price-based only]
2026-04-30,AMZN,265.06,82.21,227.15,True,96.5,,,,,,,,,,1,NO SIGNAL — not oversold vs own history,Above 200MA — uptrend intact [price-based only]
2026-04-30,GOOGL,384.8,87.32,280.12,True,95.4,,,,,,,,,,1,NO SIGNAL — not oversold vs own history,Above 200MA — uptrend intact [price-based only]
2026-04-30,META,611.91,45.18,678.75,False,36.6,,,,,,,,,,0,NO SIGNAL — not oversold vs own history,"Below 200MA — downtrend, scale in slowly [price-based only]"
2026-04-30,MSFT,407.78,64.93,468.46,False,75.3,,,,,,,,,,0,NO SIGNAL — not oversold vs own history,"Below 200MA — downtrend, scale in slowly [price-based only]"
2026-04-30,NVDA,199.57,59.74,183.72,True,63.9,,,,,,,,,,1,NO SIGNAL — not oversold vs own history,Above 200MA — uptrend intact [price-based only]
2026-04-30,TSLA,381.63,65.34,402.15,False,77.3,,,,,,,,,,0,NO SIGNAL — not oversold vs own history,"Below 200MA — downtrend, scale in slowly [price-based only]"
2026-05-01,AAPL,280.14,69.31,255.18,True,82.4,,,,,,,,,,1,NO SIGNAL — not oversold vs own history,Above 200MA — uptrend intact [price-based only]
2026-05-01,AMZN,268.26,82.9,227.38,True,96.9,,,,,,,,,,1,NO SIGNAL — not oversold vs own history,Above 200MA — uptrend intact [price-based only]
2026-05-01,GOOGL,385.69,86.86,281.13,True,94.7,,,,,,,,,,1,NO SIGNAL — not oversold vs own history,Above 200MA — uptrend intact [price-based only]
2026-05-01,META,608.75,43.01,678.28,False,33.8,,,,,,,,,,1,NO SIGNAL — not oversold vs own history,"RSI oversold vs own history (bottom 34%) | Below 200MA — downtrend, scale in slowly [price-based only]"
2026-05-01,MSFT,414.44,62.87,468.0,False,72.7,,,,,,,,,,0,NO SIGNAL — not oversold vs own history,"Below 200MA — downtrend, scale in slowly [price-based only]"
2026-05-01,NVDA,198.45,58.08,183.86,True,59.8,,,,,,,,,,1,NO SIGNAL — not oversold vs own history,Above 200MA — uptrend intact [price-based only]
2026-05-01,TSLA,390.82,67.11,402.49,False,80.4,,,,,,,,,,0,NO SIGNAL — not oversold vs own history,"Below 200MA — downtrend, scale in slowly [price-based only]"
2026-05-04,AAPL,276.83,65.75,255.52,True,75.0,,,,,,,,,,1,NO SIGNAL — not oversold vs own history,Above 200MA — uptrend intact [price-based only]
2026-05-04,AMZN,272.05,80.49,227.62,True,95.0,,,,,,,,,,1,NO SIGNAL — not oversold vs own history,Above 200MA — uptrend intact [price-based only]
2026-05-04,GOOGL,383.25,82.19,282.13,True,91.9,,,,,,,,,,1,NO SIGNAL — not oversold vs own history,Above 200MA — uptrend intact [price-based only]
2026-05-04,META,610.41,33.54,677.83,False,16.9,,,,,,,,,,2,NEUTRAL — mild dip in own history,"RSI very oversold vs own history (bottom 17%) | Below 200MA — downtrend, scale in slowly [price-based only]"
2026-05-04,MSFT,413.62,59.42,467.51,False,68.6,,,,,,,,,,0,NO SIGNAL — not oversold vs own history,"Below 200MA — downtrend, scale in slowly [price-based only]"
2026-05-04,NVDA,198.48,51.99,183.98,True,48.5,,,,,,,,,,1,NO SIGNAL — not oversold vs own history,Above 200MA — uptrend intact [price-based only]
2026-05-04,TSLA,392.51,63.86,402.86,False,74.8,,,,,,,,,,0,NO SIGNAL — not oversold vs own history,"Below 200MA — downtrend, scale in slowly [price-based only]"
2026-05-05,AAPL,284.18,65.59,255.88,True,74.6,,,,,,,,,,1,NO SIGNAL — not oversold vs own history,Above 200MA — uptrend intact [price-based only]
2026-05-05,AMZN,273.55,82.32,227.86,True,96.5,,,,,,,,,,1,NO SIGNAL — not oversold vs own history,Above 200MA — uptrend intact [price-based only]
2026-05-05,GOOGL,388.43,82.41,283.15,True,92.1,,,,,,,,,,1,NO SIGNAL — not oversold vs own history,Above 200MA — uptrend intact [price-based only]
2026-05-05,META,604.96,28.45,677.33,False,9.2,,,,,,,,,,3,NEUTRAL — mild dip in own history,"RSI extremely oversold vs own history (bottom 9%) | Below 200MA — downtrend, scale in slowly [price-based only]"
2026-05-05,MSFT,411.38,50.09,467.02,False,51.9,,,,,,,,,,0,NO SIGNAL — not oversold vs own history,"Below 200MA — downtrend, scale in slowly [price-based only]"
2026-05-05,NVDA,196.5,47.58,184.1,True,38.3,,,,,,,,,,1,NO SIGNAL — not oversold vs own history,Above 200MA — uptrend intact [price-based only]
2026-05-05,TSLA,389.37,48.34,403.16,False,44.0,,,,,,,,,,0,NO SIGNAL — not oversold vs own history,"Below 200MA — downtrend, scale in slowly [price-based only]"
2026-05-06,AAPL,287.51,71.07,256.26,True,85.2,,,,,,,,,,1,NO SIGNAL — not oversold vs own history,Above 200MA — uptrend intact [price-based only]
2026-05-06,AMZN,274.99,82.43,228.08,True,96.7,,,,,,,,,,1,NO SIGNAL — not oversold vs own history,Above 200MA — uptrend intact [price-based only]
2026-05-06,GOOGL,398.04,85.38,284.19,True,94.3,,,,,,,,,,1,NO SIGNAL — not oversold vs own history,Above 200MA — uptrend intact [price-based only]
2026-05-06,META,612.88,29.65,676.83,False,12.2,,,,,,,,,,2,NEUTRAL — mild dip in own history,"RSI very oversold vs own history (bottom 12%) | Below 200MA — downtrend, scale in slowly [price-based only]"
2026-05-06,MSFT,413.96,46.36,466.54,False,43.9,,,,,,,,,,0,NO SIGNAL — not oversold vs own history,"Below 200MA — downtrend, scale in slowly [price-based only]"
2026-05-06,NVDA,207.83,57.92,184.29,True,59.8,,,,,,,,,,1,NO SIGNAL — not oversold vs own history,Above 200MA — uptrend intact [price-based only]
2026-05-06,TSLA,398.73,55.86,403.51,False,59.0,,,,,,,,,,0,NO SIGNAL — not oversold vs own history,"Below 200MA — downtrend, scale in slowly [price-based only]"
2026-05-07,AAPL,287.44,67.06,256.62,True,78.2,,,,,,,,,,1,NO SIGNAL — not oversold vs own history,Above 200MA — uptrend intact [price-based only]
2026-05-07,AMZN,271.17,74.57,228.3,True,89.8,,,,,,,,,,1,NO SIGNAL — not oversold vs own history,Above 200MA — uptrend intact [price-based only]
2026-05-07,GOOGL,397.99,84.31,285.22,True,93.2,,,,,,,,,,1,NO SIGNAL — not oversold vs own history,Above 200MA — uptrend intact [price-based only]
2026-05-07,META,616.81,26.0,676.39,False,6.5,,,,,,,,,,3,NEUTRAL — mild dip in own history,"RSI extremely oversold vs own history (bottom 6%) | Below 200MA — downtrend, scale in slowly [price-based only]"
2026-05-07,MSFT,420.77,48.89,466.12,False,50.1,,,,,,,,,,0,NO SIGNAL — not oversold vs own history,"Below 200MA — downtrend, scale in slowly [price-based only]"
2026-05-07,NVDA,211.5,58.16,184.51,True,60.3,,,,,,,,,,1,NO SIGNAL — not oversold vs own history,Above 200MA — uptrend intact [price-based only]
2026-05-07,TSLA,411.79,56.56,403.91,True,60.8,,,,,,,,,,1,NO SIGNAL — not oversold vs own history,Above 200MA — uptrend intact [price-based only]
2026-05-08,AAPL,293.32,68.94,257.02,True,81.5,,,,,,,,,,1,NO SIGNAL — not oversold vs own history,Above 200MA — uptrend intact [price-based only]
2026-05-08,AMZN,272.68,79.63,228.52,True,94.3,,,,,,,,,,1,NO SIGNAL — not oversold vs own history,Above 200MA — uptrend intact [price-based only]
2026-05-08,GOOGL,400.8,89.32,286.27,True,97.0,,,,,,,,,,1,NO SIGNAL — not oversold vs own history,Above 200MA — uptrend intact [price-based only]
2026-05-08,META,609.63,27.96,675.87,False,8.9,,,,,,,,,,3,NEUTRAL — mild dip in own history,"RSI extremely oversold vs own history (bottom 9%) | Below 200MA — downtrend, scale in slowly [price-based only]"
2026-05-08,MSFT,415.12,48.39,465.66,False,48.0,,,,,,,,,,0,NO SIGNAL — not oversold vs own history,"Below 200MA — downtrend, scale in slowly [price-based only]"
2026-05-08,NVDA,215.2,60.35,184.73,True,65.0,,,,,,,,,,1,NO SIGNAL — not oversold vs own history,Above 200MA — uptrend intact [price-based only]
2026-05-08,TSLA,428.35,69.15,404.39,True,82.8,,,,,,,,,,1,NO SIGNAL — not oversold vs own history,Above 200MA — uptrend intact [price-based only]
2026-05-11,AAPL,292.68,78.04,257.41,True,92.0,,,,,,,,,,1,NO SIGNAL — not oversold vs own history,Above 200MA — uptrend intact [price-based only]
2026-05-11,AMZN,268.99,72.06,228.71,True,87.4,,,,,,,,,,1,NO SIGNAL — not oversold vs own history,Above 200MA — uptrend intact [price-based only]
2026-05-11,GOOGL,388.64,82.15,287.26,True,90.9,,,,,,,,,,1,NO SIGNAL — not oversold vs own history,Above 200MA — uptrend intact [price-based only]
2026-05-11,META,598.86,26.31,675.29,False,7.8,,,,,,,,,,3,NEUTRAL — mild dip in own history,"RSI extremely oversold vs own history (bottom 8%) | Below 200MA — downtrend, scale in slowly [price-based only]"
2026-05-11,MSFT,412.66,43.47,465.17,False,38.2,,,,,,,,,,0,NO SIGNAL — not oversold vs own history,"Below 200MA — downtrend, scale in slowly [price-based only]"
2026-05-11,NVDA,219.44,64.92,184.96,True,75.9,,,,,,,,,,1,NO SIGNAL — not oversold vs own history,Above 200MA — uptrend intact [price-based only]
2026-05-11,TSLA,445.0,78.11,405.08,True,93.3,,,,,,,,,,1,NO SIGNAL — not oversold vs own history,Above 200MA — uptrend intact [price-based only]
2026-05-12,AAPL,294.8,75.51,257.82,True,89.4,,,,,,,,,,1,NO SIGNAL — not oversold vs own history,Above 200MA — uptrend intact [price-based only]
2026-05-12,AMZN,265.82,62.77,228.88,True,69.9,,,,,,,,,,1,NO SIGNAL — not oversold vs own history,Above 200MA — uptrend intact [price-based only]
2026-05-12,GOOGL,387.35,79.33,288.23,True,88.3,,,,,,,,,,1,NO SIGNAL — not oversold vs own history,Above 200MA — uptrend intact [price-based only]
2026-05-12,META,603.0,25.43,674.74,False,6.1,,,,,,,,,,3,NEUTRAL — mild dip in own history,"RSI extremely oversold vs own history (bottom 6%) | Below 200MA — downtrend, scale in slowly [price-based only]"
2026-05-12,MSFT,407.77,35.07,464.64,False,23.2,,,,,,,,,,1,NO SIGNAL — not oversold vs own history,"RSI oversold vs own history (bottom 23%) | Below 200MA — downtrend, scale in slowly [price-based only]"
2026-05-12,NVDA,220.78,64.22,185.2,True,73.8,,,,,,,,,,1,NO SIGNAL — not oversold vs own history,Above 200MA — uptrend intact [price-based only]
2026-05-12,TSLA,433.45,70.04,405.67,True,83.1,,,,,,,,,,1,NO SIGNAL — not oversold vs own history,Above 200MA — uptrend intact [price-based only]
2026-05-13,AAPL,298.87,77.53,258.24,True,91.4,,,,,,,,,,1,NO SIGNAL — not oversold vs own history,Above 200MA — uptrend intact [price-based only]
2026-05-13,AMZN,270.13,66.73,229.07,True,78.2,,,,,,,,,,1,NO SIGNAL — not oversold vs own history,Above 200MA — uptrend intact [price-based only]
2026-05-13,GOOGL,402.62,82.94,289.28,True,92.4,,,,,,,,,,1,NO SIGNAL — not oversold vs own history,Above 200MA — uptrend intact [price-based only]
2026-05-13,META,616.63,35.24,674.24,False,20.7,,,,,,,,,,1,NO SIGNAL — not oversold vs own history,"RSI oversold vs own history (bottom 21%) | Below 200MA — downtrend, scale in slowly [price-based only]"
2026-05-13,MSFT,405.21,42.43,464.1,False,34.3,,,,,,,,,,1,NO SIGNAL — not oversold vs own history,"RSI oversold vs own history (bottom 34%) | Below 200MA — downtrend, scale in slowly [price-based only]"
2026-05-13,NVDA,225.83,69.7,185.44,True,82.3,,,,,,,,,,1,NO SIGNAL — not oversold vs own history,Above 200MA — uptrend intact [price-based only]
2026-05-13,TSLA,445.27,81.75,406.27,True,97.4,,,,,,,,,,1,NO SIGNAL — not oversold vs own history,Above 200MA — uptrend intact [price-based only]
2026-05-14,AAPL,298.21,80.51,258.68,True,94.2,,,,,,,,,,1,NO SIGNAL — not oversold vs own history,Above 200MA — uptrend intact [price-based only]
2026-05-14,AMZN,267.22,54.14,229.25,True,51.9,,,,,,,,,,1,NO SIGNAL — not oversold vs own history,Above 200MA — uptrend intact [price-based only]
2026-05-14,GOOGL,401.07,80.54,290.3,True,89.7,,,,,,,,,,1,NO SIGNAL — not oversold vs own history,Above 200MA — uptrend intact [price-based only]
2026-05-14,META,618.43,28.22,673.83,False,9.9,,,,,,,,,,3,NEUTRAL — mild dip in own history,"RSI extremely oversold vs own history (bottom 10%) | Below 200MA — downtrend, scale in slowly [price-based only]"
2026-05-14,MSFT,409.43,38.31,463.59,False,28.0,,,,,,,,,,1,NO SIGNAL — not oversold vs own history,"RSI oversold vs own history (bottom 28%) | Below 200MA — downtrend, scale in slowly [price-based only]"
2026-05-14,NVDA,235.74,70.27,185.74,True,83.4,,,,,,,,,,1,NO SIGNAL — not oversold vs own history,Above 200MA — uptrend intact [price-based only]
2026-05-14,TSLA,443.3,79.89,406.88,True,95.0,,,,,,,,,,1,NO SIGNAL — not oversold vs own history,Above 200MA — uptrend intact [price-based only]
2026-05-15,AAPL,300.23,87.88,259.13,True,97.8,,,,,,,,,,1,NO SIGNAL — not oversold vs own history,Above 200MA — uptrend intact [price-based only]
2026-05-15,AMZN,264.14,53.85,229.42,True,51.2,,,,,,,,,,1,NO SIGNAL — not oversold vs own history,Above 200MA — uptrend intact [price-based only]
2026-05-15,GOOGL,396.78,75.48,291.31,True,83.0,,,,,,,,,,1,NO SIGNAL — not oversold vs own history,Above 200MA — uptrend intact [price-based only]
2026-05-15,META,614.23,25.34,673.42,False,6.0,,,,,,,,,,3,NEUTRAL — mild dip in own history,"RSI extremely oversold vs own history (bottom 6%) | Below 200MA — downtrend, scale in slowly [price-based only]"
2026-05-15,MSFT,421.92,48.12,463.13,False,48.0,,,,,,,,,,0,NO SIGNAL — not oversold vs own history,"Below 200MA — downtrend, scale in slowly [price-based only]"
2026-05-15,NVDA,225.32,56.24,185.97,True,56.8,,,,,,,,,,1,NO SIGNAL — not oversold vs own history,Above 200MA — uptrend intact [price-based only]
2026-05-15,TSLA,422.24,66.66,407.4,True,79.1,,,,,,,,,,1,NO SIGNAL — not oversold vs own history,Above 200MA — uptrend intact [price-based only]
2026-05-18,AAPL,297.84,82.03,259.58,True,95.3,,,,,,,,,,1,NO SIGNAL — not oversold vs own history,Above 200MA — uptrend intact [price-based only]
2026-05-18,AMZN,264.86,56.7,229.57,True,57.7,,,,,,,,,,1,NO SIGNAL — not oversold vs own history,Above 200MA — uptrend intact [price-based only]
2026-05-18,GOOGL,396.94,75.99,292.33,True,83.5,,,,,,,,,,1,NO SIGNAL — not oversold vs own history,Above 200MA — uptrend intact [price-based only]
2026-05-18,META,611.21,26.19,672.61,False,8.2,,,,,,,,,,3,NEUTRAL — mild dip in own history,"RSI extremely oversold vs own history (bottom 8%) | Below 200MA — downtrend, scale in slowly [price-based only]"
2026-05-18,MSFT,423.54,46.17,462.58,False,43.8,,,,,,,,,,0,NO SIGNAL — not oversold vs own history,"Below 200MA — downtrend, scale in slowly [price-based only]"
2026-05-18,NVDA,222.32,56.59,186.19,True,57.1,,,,,,,,,,1,NO SIGNAL — not oversold vs own history,Above 200MA — uptrend intact [price-based only]
2026-05-18,TSLA,409.99,62.1,407.9,True,70.6,,,,,,,,,,1,NO SIGNAL — not oversold vs own history,Above 200MA — uptrend intact [price-based only]
2026-05-19,AAPL,298.97,83.54,260.07,True,96.4,,,,,,,,,,1,NO SIGNAL — not oversold vs own history,Above 200MA — uptrend intact [price-based only]
2026-05-19,AMZN,259.34,45.45,229.79,True,34.3,,,,,,,,,,2,NEUTRAL — mild dip in own history,RSI oversold vs own history (bottom 34%) | Above 200MA — uptrend intact [price-based only]
2026-05-19,GOOGL,387.66,68.89,293.32,True,73.0,,,,,,,,,,1,NO SIGNAL — not oversold vs own history,Above 200MA — uptrend intact [price-based only]
2026-05-19,META,602.61,24.93,671.88,False,5.6,,,,,,,,,,3,NEUTRAL — mild dip in own history,"RSI extremely oversold vs own history (bottom 6%) | Below 200MA — downtrend, scale in slowly [price-based only]"
2026-05-19,MSFT,417.42,45.36,462.05,False,42.4,,,,,,,,,,0,NO SIGNAL — not oversold vs own history,"Below 200MA — downtrend, scale in slowly [price-based only]"
2026-05-19,NVDA,220.61,58.45,186.43,True,60.6,,,,,,,,,,1,NO SIGNAL — not oversold vs own history,Above 200MA — uptrend intact [price-based only]
2026-05-19,TSLA,404.11,60.95,408.41,False,68.7,,,,,,,,,,0,NO SIGNAL — not oversold vs own history,"Below 200MA — downtrend, scale in slowly [price-based only]"
2026-05-20,AAPL,302.25,84.3,260.56,True,97.2,,,,,,,,,,1,NO SIGNAL — not oversold vs own history,Above 200MA — uptrend intact [price-based only]
2026-05-20,AMZN,265.01,49.94,230.06,True,43.2,,,,,,,,,,1,NO SIGNAL — not oversold vs own history,Above 200MA — uptrend intact [price-based only]
2026-05-20,GOOGL,388.91,53.1,294.29,True,43.4,,,,,,,,,,1,NO SIGNAL — not oversold vs own history,Above 200MA — uptrend intact [price-based only]
2026-05-20,META,605.06,45.6,671.02,False,39.3,,,,,,,,,,0,NO SIGNAL — not oversold vs own history,"Below 200MA — downtrend, scale in slowly [price-based only]"
2026-05-20,MSFT,421.06,60.58,461.48,False,70.3,,,,,,,,,,0,NO SIGNAL — not oversold vs own history,"Below 200MA — downtrend, scale in slowly [price-based only]"
2026-05-20,NVDA,223.47,69.8,186.65,True,82.5,,,,,,,,,,1,NO SIGNAL — not oversold vs own history,Above 200MA — uptrend intact [price-based only]
2026-05-20,TSLA,417.26,62.09,408.95,True,70.5,,,,,,,,,,1,NO SIGNAL — not oversold vs own history,Above 200MA — uptrend intact [price-based only]
2026-05-21,AAPL,304.99,81.87,261.07,True,94.5,,,,,,,,,,1,NO SIGNAL — not oversold vs own history,Above 200MA — uptrend intact [price-based only]
2026-05-21,AMZN,268.46,50.22,230.33,True,43.5,,,,,,,,,,1,NO SIGNAL — not oversold vs own history,Above 200MA — uptrend intact [price-based only]
2026-05-21,GOOGL,387.66,51.48,295.26,True,41.6,,,,,,,,,,1,NO SIGNAL — not oversold vs own history,Above 200MA — uptrend intact [price-based only]
2026-05-21,META,607.38,49.11,670.24,False,45.6,,,,,,,,,,0,NO SIGNAL — not oversold vs own history,"Below 200MA — downtrend, scale in slowly [price-based only]"
2026-05-21,MSFT,419.09,54.0,460.93,False,59.9,,,,,,,,,,0,NO SIGNAL — not oversold vs own history,"Below 200MA — downtrend, scale in slowly [price-based only]"
2026-05-21,NVDA,219.51,66.66,186.85,True,77.4,,,,,,,,,,1,NO SIGNAL — not oversold vs own history,Above 200MA — uptrend intact [price-based only]
2026-05-21,TSLA,417.85,59.74,409.5,True,66.1,,,,,,,,,,1,NO SIGNAL — not oversold vs own history,Above 200MA — uptrend intact [price-based only]
2026-05-22,AAPL,308.82,90.48,261.55,True,98.3,,,,,,,,,,1,NO SIGNAL — not oversold vs own history,Above 200MA — uptrend intact [price-based only]
2026-05-22,AMZN,266.32,43.33,230.55,True,29.4,,,,,,,,,,2,NEUTRAL — mild dip in own history,RSI oversold vs own history (bottom 29%) | Above 200MA — uptrend intact [price-based only]
2026-05-22,GOOGL,382.97,49.8,296.19,True,38.9,,,,,,,,,,1,NO SIGNAL — not oversold vs own history,Above 200MA — uptrend intact [price-based only]
2026-05-22,META,610.26,49.9,669.43,False,47.2,,,,,,,,,,0,NO SIGNAL — not oversold vs own history,"Below 200MA — downtrend, scale in slowly [price-based only]"
2026-05-22,MSFT,418.57,54.28,460.4,False,60.2,,,,,,,,,,0,NO SIGNAL — not oversold vs own history,"Below 200MA — downtrend, scale in slowly [price-based only]"
2026-05-22,NVDA,215.33,62.51,187.03,True,69.4,,,,,,,,,,1,NO SIGNAL — not oversold vs own history,Above 200MA — uptrend intact [price-based only]
2026-05-22,TSLA,426.01,61.54,410.03,True,69.4,,,,,,,,,,1,NO SIGNAL — not oversold vs own history,Above 200MA — uptrend intact [price-based only]
2026-05-26,AAPL,308.33,86.98,261.99,True,97.5,,,,,,,,,,1,NO SIGNAL — not oversold vs own history,Above 200MA — uptrend intact [price-based only]
2026-05-26,AMZN,265.29,40.27,230.77,True,23.1,,,,,,,,,,2,NEUTRAL — mild dip in own history,RSI oversold vs own history (bottom 23%) | Above 200MA — uptrend intact [price-based only]
2026-05-26,GOOGL,388.88,50.32,297.15,True,40.3,,,,,,,,,,1,NO SIGNAL — not oversold vs own history,Above 200MA — uptrend intact [price-based only]
2026-05-26,META,612.34,54.93,668.68,False,54.6,,,,,,,,,,0,NO SIGNAL — not oversold vs own history,"Below 200MA — downtrend, scale in slowly [price-based only]"
2026-05-26,MSFT,416.03,54.0,459.88,False,59.9,,,,,,,,,,0,NO SIGNAL — not oversold vs own history,"Below 200MA — downtrend, scale in slowly [price-based only]"
2026-05-26,NVDA,214.86,63.94,187.2,True,72.6,,,,,,,,,,1,NO SIGNAL — not oversold vs own history,Above 200MA — uptrend intact [price-based only]
2026-05-26,TSLA,433.59,64.78,410.58,True,76.2,,,,,,,,,,1,NO SIGNAL — not oversold vs own history,Above 200MA — uptrend intact [price-based only]
2026-05-27,AAPL,310.85,86.65,262.4,True,97.2,,,,,,,,,,1,NO SIGNAL — not oversold vs own history,Above 200MA — uptrend intact [price-based only]
2026-05-27,AMZN,271.85,46.7,231.01,True,36.9,,,,,,,,,,1,NO SIGNAL — not oversold vs own history,Above 200MA — uptrend intact [price-based only]
2026-05-27,GOOGL,388.83,42.33,298.09,True,25.0,,,,,,,,,,2,NEUTRAL — mild dip in own history,RSI oversold vs own history (bottom 25%) | Above 200MA — uptrend intact [price-based only]
2026-05-27,META,635.26,62.44,668.01,False,69.5,,,,,,,,,,0,NO SIGNAL — not oversold vs own history,"Below 200MA — downtrend, scale in slowly [price-based only]"
2026-05-27,MSFT,412.67,48.9,459.33,False,50.6,,,,,,,,,,0,NO SIGNAL — not oversold vs own history,"Below 200MA — downtrend, scale in slowly [price-based only]"
2026-05-27,NVDA,212.6,54.2,187.35,True,52.1,,,,,,,,,,1,NO SIGNAL — not oversold vs own history,Above 200MA — uptrend intact [price-based only]
2026-05-27,TSLA,440.36,64.16,411.14,True,74.8,,,,,,,,,,1,NO SIGNAL — not oversold vs own history,Above 200MA — uptrend intact [price-based only]
2026-05-28,AAPL,312.51,87.5,262.83,True,97.5,,,,,,,,,,1,NO SIGNAL — not oversold vs own history,Above 200MA — uptrend intact [price-based only]
2026-05-28,AMZN,274.0,53.08,231.27,True,50.3,,,,,,,,,,1,NO SIGNAL — not oversold vs own history,Above 200MA — uptrend intact [price-based only]
2026-05-28,GOOGL,390.13,43.58,299.04,True,26.8,,,,,,,,,,2,NEUTRAL — mild dip in own history,RSI oversold vs own history (bottom 27%) | Above 200MA — uptrend intact [price-based only]
2026-05-28,META,635.29,60.74,667.36,False,66.8,,,,,,,,,,0,NO SIGNAL — not oversold vs own history,"Below 200MA — downtrend, scale in slowly [price-based only]"
2026-05-28,MSFT,426.99,54.69,458.86,False,61.1,,,,,,,,,,0,NO SIGNAL — not oversold vs own history,"Below 200MA — downtrend, scale in slowly [price-based only]"
2026-05-28,NVDA,214.25,52.51,187.51,True,47.8,,,,,,,,,,1,NO SIGNAL — not oversold vs own history,Above 200MA — uptrend intact [price-based only]
2026-05-28,TSLA,442.1,61.17,411.65,True,68.7,,,,,,,,,,1,NO SIGNAL — not oversold vs own history,Above 200MA — uptrend intact [price-based only]
2026-05-29,AAPL,312.06,83.46,263.24,True,95.1,,,,,,,,,,1,NO SIGNAL — not oversold vs own history,Above 200MA — uptrend intact [price-based only]
2026-05-29,AMZN,270.64,47.86,231.52,True,38.4,,,,,,,,,,1,NO SIGNAL — not oversold vs own history,Above 200MA — uptrend intact [price-based only]
2026-05-29,GOOGL,380.34,35.01,299.92,True,13.1,,,,,,,,,,3,NEUTRAL — mild dip in own history,RSI very oversold vs own history (bottom 13%) | Above 200MA — uptrend intact [price-based only]
2026-05-29,META,632.51,64.02,666.57,False,71.9,,,,,,,,,,0,NO SIGNAL — not oversold vs own history,"Below 200MA — downtrend, scale in slowly [price-based only]"
2026-05-29,MSFT,450.24,70.91,458.46,False,86.5,,,,,,,,,,0,NO SIGNAL — not oversold vs own history,"Below 200MA — downtrend, scale in slowly [price-based only]"
2026-05-29,NVDA,211.14,46.25,187.65,True,33.1,,,,,,,,,,2,NEUTRAL — mild dip in own history,RSI oversold vs own history (bottom 33%) | Above 200MA — uptrend intact [price-based only]
2026-05-29,TSLA,435.79,52.96,412.13,True,52.7,,,,,,,,,,1,NO SIGNAL — not oversold vs own history,Above 200MA — uptrend intact [price-based only]
2026-06-01,AAPL,306.31,70.58,263.6,True,81.9,,,,,,,,,,1,NO SIGNAL — not oversold vs own history,Above 200MA — uptrend intact [price-based only]
2026-06-01,AMZN,261.26,42.77,231.7,True,27.8,,,,,,,,,,2,NEUTRAL — mild dip in own history,RSI oversold vs own history (bottom 28%) | Above 200MA — uptrend intact [price-based only]
2026-06-01,GOOGL,376.37,39.78,300.79,True,20.0,,,,,,,,,,3,NEUTRAL — mild dip in own history,RSI very oversold vs own history (bottom 20%) | Above 200MA — uptrend intact [price-based only]
2026-06-01,META,600.47,50.78,665.67,False,48.4,,,,,,,,,,0,NO SIGNAL — not oversold vs own history,"Below 200MA — downtrend, scale in slowly [price-based only]"
2026-06-01,MSFT,460.52,76.07,458.16,True,92.2,,,,,,,,,,1,NO SIGNAL — not oversold vs own history,Above 200MA — uptrend intact [price-based only]
2026-06-01,NVDA,224.36,53.9,187.87,True,51.8,,,,,,,,,,1,NO SIGNAL — not oversold vs own history,Above 200MA — uptrend intact [price-based only]
2026-06-01,TSLA,415.88,38.69,412.51,True,21.9,,,,,,,,,,2,NEUTRAL — mild dip in own history,RSI oversold vs own history (bottom 22%) | Above 200MA — uptrend intact [price-based only]
2026-06-02,AAPL,315.2,75.58,264.01,True,87.2,,,,,,,,,,1,NO SIGNAL — not oversold vs own history,Above 200MA — uptrend intact [price-based only]
2026-06-02,AMZN,256.52,41.55,231.83,True,24.8,,,,,,,,,,2,NEUTRAL — mild dip in own history,RSI oversold vs own history (bottom 25%) | Above 200MA — uptrend intact [price-based only]
2026-06-02,GOOGL,361.85,32.6,301.59,True,10.9,,,,,,,,,,3,NEUTRAL — mild dip in own history,RSI very oversold vs own history (bottom 11%) | Above 200MA — uptrend intact [price-based only]
2026-06-02,META,597.63,47.36,664.75,False,41.2,,,,,,,,,,0,NO SIGNAL — not oversold vs own history,"Below 200MA — downtrend, scale in slowly [price-based only]"
2026-06-02,MSFT,441.31,65.81,457.76,False,77.5,,,,,,,,,,0,NO SIGNAL — not oversold vs own history,"Below 200MA — downtrend, scale in slowly [price-based only]"
2026-06-02,NVDA,222.82,51.61,188.07,True,45.6,,,,,,,,,,1,NO SIGNAL — not oversold vs own history,Above 200MA — uptrend intact [price-based only]
2026-06-02,TSLA,423.74,46.12,412.95,True,37.6,,,,,,,,,,1,NO SIGNAL — not oversold vs own history,Above 200MA — uptrend intact [price-based only]
2026-06-03,AAPL,310.26,63.98,264.41,True,68.6,,,,,,,,,,1,NO SIGNAL — not oversold vs own history,Above 200MA — uptrend intact [price-based only]
2026-06-03,AMZN,250.02,32.42,231.93,True,11.7,,,,,,,,,,3,NEUTRAL — mild dip in own history,RSI very oversold vs own history (bottom 12%) | Above 200MA — uptrend intact [price-based only]
2026-06-03,GOOGL,358.99,14.16,302.36,True,0.4,,,,,,,,,,4,WATCH — price-based setup (options data from today forward),RSI extremely oversold vs own history (bottom 0%) | Above 200MA — uptrend intact [price-based only]
2026-06-03,META,622.98,52.8,663.94,False,50.5,,,,,,,,,,0,NO SIGNAL — not oversold vs own history,"Below 200MA — downtrend, scale in slowly [price-based only]"
2026-06-03,MSFT,427.34,59.42,457.29,False,69.2,,,,,,,,,,0,NO SIGNAL — not oversold vs own history,"Below 200MA — downtrend, scale in slowly [price-based only]"
2026-06-03,NVDA,214.75,41.65,188.24,True,21.2,,,,,,,,,,2,NEUTRAL — mild dip in own history,RSI oversold vs own history (bottom 21%) | Above 200MA — uptrend intact [price-based only]
2026-06-03,TSLA,423.7,40.48,413.42,True,24.3,,,,,,,,,,2,NEUTRAL — mild dip in own history,RSI oversold vs own history (bottom 24%) | Above 200MA — uptrend intact [price-based only]
2026-06-04,AAPL,311.23,65.85,264.81,True,72.4,,,,,,,,,,1,NO SIGNAL — not oversold vs own history,Above 200MA — uptrend intact [price-based only]
2026-06-04,AMZN,253.79,38.44,232.04,True,19.9,,,,,,,,,,3,NEUTRAL — mild dip in own history,RSI very oversold vs own history (bottom 20%) | Above 200MA — uptrend intact [price-based only]
2026-06-04,GOOGL,372.19,30.09,303.21,True,9.4,,,,,,,,,,4,WATCH — price-based setup (options data from today forward),RSI extremely oversold vs own history (bottom 9%) | Above 200MA — uptrend intact [price-based only]
2026-06-04,META,627.57,53.94,663.24,False,52.3,,,,,,,,,,0,NO SIGNAL — not oversold vs own history,"Below 200MA — downtrend, scale in slowly [price-based only]"
2026-06-04,MSFT,428.05,58.17,456.85,False,67.6,,,,,,,,,,0,NO SIGNAL — not oversold vs own history,"Below 200MA — downtrend, scale in slowly [price-based only]"
2026-06-04,NVDA,218.66,35.85,188.43,True,9.0,,,,,,,,,,4,WATCH — price-based setup (options data from today forward),RSI extremely oversold vs own history (bottom 9%) | Above 200MA — uptrend intact [price-based only]
2026-06-04,TSLA,418.45,39.34,413.83,True,22.8,,,,,,,,,,2,NEUTRAL — mild dip in own history,RSI oversold vs own history (bottom 23%) | Above 200MA — uptrend intact [price-based only]
2026-06-05,AAPL,307.34,58.28,265.19,True,55.5,,,,,,,,,,1,NO SIGNAL — not oversold vs own history,Above 200MA — uptrend intact [price-based only]
2026-06-05,AMZN,246.03,35.57,232.13,True,14.8,,,,,,,,,,3,NEUTRAL — mild dip in own history,RSI very oversold vs own history (bottom 15%) | Above 200MA — uptrend intact [price-based only]
2026-06-05,GOOGL,368.53,30.35,304.04,True,9.6,,,,,,,,,,4,WATCH — price-based setup (options data from today forward),RSI extremely oversold vs own history (bottom 10%) | Above 200MA — uptrend intact [price-based only]
2026-06-05,META,593.0,42.75,662.45,False,34.2,,,,,,,,,,1,NO SIGNAL — not oversold vs own history,"RSI oversold vs own history (bottom 34%) | Below 200MA — downtrend, scale in slowly [price-based only]"
2026-06-05,MSFT,416.67,47.67,456.38,False,45.5,,,,,,,,,,0,NO SIGNAL — not oversold vs own history,"Below 200MA — downtrend, scale in slowly [price-based only]"
2026-06-05,NVDA,205.1,34.08,188.57,True,7.1,,,,,,,,,,4,WATCH — price-based setup (options data from today forward),RSI extremely oversold vs own history (bottom 7%) | Above 200MA — uptrend intact [price-based only]
2026-06-05,TSLA,391.0,37.29,414.14,False,17.7,,,,,,,,,,2,NEUTRAL — mild dip in own history,"RSI very oversold vs own history (bottom 18%) | Below 200MA — downtrend, scale in slowly [price-based only]"
2026-06-08,AAPL,301.54,53.99,265.57,True,46.9,,,,,,,,,,1,NO SIGNAL — not oversold vs own history,Above 200MA — uptrend intact [price-based only]
2026-06-08,AMZN,245.22,34.37,232.24,True,13.3,,,,,,,,,,3,NEUTRAL — mild dip in own history,RSI very oversold vs own history (bottom 13%) | Above 200MA — uptrend intact [price-based only]
2026-06-08,GOOGL,363.31,28.15,304.86,True,7.3,,,,,,,,,,4,WATCH — price-based setup (options data from today forward),RSI extremely oversold vs own history (bottom 7%) | Above 200MA — uptrend intact [price-based only]
2026-06-08,META,585.39,41.45,661.64,False,31.5,,,,,,,,,,1,NO SIGNAL — not oversold vs own history,"RSI oversold vs own history (bottom 32%) | Below 200MA — downtrend, scale in slowly [price-based only]"
2026-06-08,MSFT,411.74,44.92,455.91,False,40.0,,,,,,,,,,0,NO SIGNAL — not oversold vs own history,"Below 200MA — downtrend, scale in slowly [price-based only]"
2026-06-08,NVDA,208.64,39.32,188.74,True,15.4,,,,,,,,,,3,NEUTRAL — mild dip in own history,RSI very oversold vs own history (bottom 15%) | Above 200MA — uptrend intact [price-based only]
2026-06-08,TSLA,408.95,49.6,414.57,False,45.6,,,,,,,,,,0,NO SIGNAL — not oversold vs own history,"Below 200MA — downtrend, scale in slowly [price-based only]"
2026-06-09,AAPL,290.55,42.51,265.9,True,28.7,,,,,,,,,,2,NEUTRAL — mild dip in own history,RSI oversold vs own history (bottom 29%) | Above 200MA — uptrend intact [price-based only]
2026-06-09,AMZN,244.19,37.02,232.35,True,17.3,,,,,,,,,,3,NEUTRAL — mild dip in own history,RSI very oversold vs own history (bottom 17%) | Above 200MA — uptrend intact [price-based only]
2026-06-09,GOOGL,364.26,32.95,305.68,True,12.3,,,,,,,,,,3,NEUTRAL — mild dip in own history,RSI very oversold vs own history (bottom 12%) | Above 200MA — uptrend intact [price-based only]
2026-06-09,META,584.59,43.71,660.86,False,35.6,,,,,,,,,,0,NO SIGNAL — not oversold vs own history,"Below 200MA — downtrend, scale in slowly [price-based only]"
2026-06-09,MSFT,403.41,44.08,455.41,False,38.7,,,,,,,,,,0,NO SIGNAL — not oversold vs own history,"Below 200MA — downtrend, scale in slowly [price-based only]"
2026-06-09,NVDA,208.19,40.11,188.91,True,17.0,,,,,,,,,,3,NEUTRAL — mild dip in own history,RSI very oversold vs own history (bottom 17%) | Above 200MA — uptrend intact [price-based only]
2026-06-09,TSLA,396.68,47.25,414.95,False,40.3,,,,,,,,,,0,NO SIGNAL — not oversold vs own history,"Below 200MA — downtrend, scale in slowly [price-based only]"
2026-06-10,AAPL,291.58,40.11,266.22,True,24.9,,,,,,,,,,2,NEUTRAL — mild dip in own history,RSI oversold vs own history (bottom 25%) | Above 200MA — uptrend intact [price-based only]
2026-06-10,AMZN,238.0,27.06,232.39,True,6.8,,,,,,,,,,4,WATCH — price-based setup (options data from today forward),RSI extremely oversold vs own history (bottom 7%) | Above 200MA — uptrend intact [price-based only]
2026-06-10,GOOGL,356.38,28.39,306.44,True,7.7,,,,,,,,,,4,WATCH — price-based setup (options data from today forward),RSI extremely oversold vs own history (bottom 8%) | Above 200MA — uptrend intact [price-based only]
2026-06-10,META,570.98,38.97,659.95,False,27.4,,,,,,,,,,1,NO SIGNAL — not oversold vs own history,"RSI oversold vs own history (bottom 27%) | Below 200MA — downtrend, scale in slowly [price-based only]"
2026-06-10,MSFT,397.36,40.19,454.86,False,30.3,,,,,,,,,,1,NO SIGNAL — not oversold vs own history,"RSI oversold vs own history (bottom 30%) | Below 200MA — downtrend, scale in slowly [price-based only]"
2026-06-10,NVDA,200.42,32.97,189.02,True,6.4,,,,,,,,,,4,WATCH — price-based setup (options data from today forward),RSI extremely oversold vs own history (bottom 6%) | Above 200MA — uptrend intact [price-based only]
2026-06-10,TSLA,381.59,36.98,415.16,False,17.2,,,,,,,,,,2,NEUTRAL — mild dip in own history,"RSI very oversold vs own history (bottom 17%) | Below 200MA — downtrend, scale in slowly [price-based only]"
2026-06-11,AAPL,295.63,41.53,266.56,True,27.7,,,,,,,,,,2,NEUTRAL — mild dip in own history,RSI oversold vs own history (bottom 28%) | Above 200MA — uptrend intact [price-based only]
2026-06-11,AMZN,241.51,27.13,232.46,True,7.0,,,,,,,,,,4,WATCH — price-based setup (options data from today forward),RSI extremely oversold vs own history (bottom 7%) | Above 200MA — uptrend intact [price-based only]
2026-06-11,GOOGL,357.77,30.18,307.18,True,9.9,,,,,,,,,,4,WATCH — price-based setup (options data from today forward),RSI extremely oversold vs own history (bottom 10%) | Above 200MA — uptrend intact [price-based only]
2026-06-11,META,568.43,37.41,659.02,False,24.6,,,,,,,,,,1,NO SIGNAL — not oversold vs own history,"RSI oversold vs own history (bottom 25%) | Below 200MA — downtrend, scale in slowly [price-based only]"
2026-06-11,MSFT,390.34,38.58,454.29,False,27.3,,,,,,,,,,1,NO SIGNAL — not oversold vs own history,"RSI oversold vs own history (bottom 27%) | Below 200MA — downtrend, scale in slowly [price-based only]"
2026-06-11,NVDA,204.87,39.26,189.14,True,15.1,,,,,,,,,,3,NEUTRAL — mild dip in own history,RSI very oversold vs own history (bottom 15%) | Above 200MA — uptrend intact [price-based only]
2026-06-11,TSLA,399.15,43.93,415.42,False,33.5,,,,,,,,,,1,NO SIGNAL — not oversold vs own history,"RSI oversold vs own history (bottom 34%) | Below 200MA — downtrend, scale in slowly [price-based only]"
2026-06-12,AAPL,291.13,34.19,266.87,True,15.1,,,,,,,,,,3,NEUTRAL — mild dip in own history,RSI very oversold vs own history (bottom 15%) | Above 200MA — uptrend intact [price-based only]
2026-06-12,AMZN,238.55,26.76,232.51,True,6.6,,,,,,,,,,4,WATCH — price-based setup (options data from today forward),RSI extremely oversold vs own history (bottom 7%) | Above 200MA — uptrend intact [price-based only]
2026-06-12,GOOGL,359.68,33.96,307.94,True,12.8,,,,,,,,,,3,NEUTRAL — mild dip in own history,RSI very oversold vs own history (bottom 13%) | Above 200MA — uptrend intact [price-based only]
2026-06-12,META,566.98,35.88,658.09,False,21.9,,,,,,,,,,1,NO SIGNAL — not oversold vs own history,"RSI oversold vs own history (bottom 22%) | Below 200MA — downtrend, scale in slowly [price-based only]"
2026-06-12,MSFT,390.74,38.93,453.73,False,28.7,,,,,,,,,,1,NO SIGNAL — not oversold vs own history,"RSI oversold vs own history (bottom 29%) | Below 200MA — downtrend, scale in slowly [price-based only]"
2026-06-12,NVDA,205.19,42.12,189.26,True,23.3,,,,,,,,,,2,NEUTRAL — mild dip in own history,RSI oversold vs own history (bottom 23%) | Above 200MA — uptrend intact [price-based only]
2026-06-12,TSLA,406.43,43.6,415.69,False,33.3,,,,,,,,,,1,NO SIGNAL — not oversold vs own history,"RSI oversold vs own history (bottom 33%) | Below 200MA — downtrend, scale in slowly [price-based only]"
2026-06-15,AAPL,296.42,40.19,267.2,True,25.4,,,,,,,,,,2,NEUTRAL — mild dip in own history,RSI oversold vs own history (bottom 25%) | Above 200MA — uptrend intact [price-based only]
2026-06-15,AMZN,246.02,35.44,232.59,True,14.6,,,,,,,,,,3,NEUTRAL — mild dip in own history,RSI very oversold vs own history (bottom 15%) | Above 200MA — uptrend intact [price-based only]
2026-06-15,GOOGL,369.35,37.21,308.75,True,17.3,,,,,,,,,,3,NEUTRAL — mild dip in own history,RSI very oversold vs own history (bottom 17%) | Above 200MA — uptrend intact [price-based only]
2026-06-15,META,593.48,44.69,657.32,False,37.9,,,,,,,,,,0,NO SIGNAL — not oversold vs own history,"Below 200MA — downtrend, scale in slowly [price-based only]"
2026-06-15,MSFT,399.76,43.85,453.2,False,38.6,,,,,,,,,,0,NO SIGNAL — not oversold vs own history,"Below 200MA — downtrend, scale in slowly [price-based only]"
2026-06-15,NVDA,212.45,48.31,189.41,True,40.0,,,,,,,,,,1,NO SIGNAL — not oversold vs own history,Above 200MA — uptrend intact [price-based only]
2026-06-15,TSLA,411.15,42.53,416.0,False,29.7,,,,,,,,,,1,NO SIGNAL — not oversold vs own history,"RSI oversold vs own history (bottom 30%) | Below 200MA — downtrend, scale in slowly [price-based only]"
2026-06-16,AAPL,299.24,40.49,267.53,True,10.7,28,,23.34,0.66,1.5,positive,268.02,300.0,240.0,5,"WATCH — setup building, not quite ready","RSI very oversold (bottom 11% of own history) | Options moderately priced (IV 28th pct) | GEX positive — dealers providing support | Above 200MA — uptrend intact, dip is buyable"
2026-06-16,MSFT,393.83,43.01,452.62,False,30.4,89,,32.14,0.46,0.4318,positive,380.37,450.0,380.0,2,"NEUTRAL — no edge, wait","RSI oversold (bottom 30% of own history) | Options expensive (IV top 11% of history) — fear priced in, wait | GEX positive — dealers providing support | Below 200MA — downtrend, scale in slowly"
2026-06-16,NVDA,207.41,46.49,189.55,True,28.6,14,,37.11,0.79,1.2,positive,193.33,210.0,185.0,5,"WATCH — setup building, not quite ready","RSI oversold (bottom 29% of own history) | Options cheap (IV bottom 14% of own history) — good entry cost | GEX positive — dealers providing support | Above 200MA — uptrend intact, dip is buyable"
2026-06-16,GOOGL,373.25,40.29,309.56,True,28.6,64,,32.7,0.72,0.6057,positive,347.41,380.0,345.0,3,"NEUTRAL — no edge, wait","RSI oversold (bottom 29% of own history) | GEX positive — dealers providing support | Above 200MA — uptrend intact, dip is buyable"
2026-06-16,META,600.21,39.15,656.56,False,39.3,61,,34.81,0.46,0.6852,positive,567.86,750.0,550.0,1,AVOID — not oversold or fear is company-specific,"GEX positive — dealers providing support | Below 200MA — downtrend, scale in slowly"
2026-06-16,AMZN,246.0,28.33,232.67,True,8.9,59,,32.39,0.7,0.5182,positive,218.22,250.0,220.0,5,"WATCH — setup building, not quite ready","RSI extremely oversold (bottom 9% of own history) | GEX positive — dealers providing support | Above 200MA — uptrend intact, dip is buyable"
2026-06-16,TSLA,404.66,38.09,416.3,False,19.6,35,,49.57,0.7,0.525,positive,388.15,420.0,380.0,4,"WATCH — setup building, not quite ready","RSI very oversold (bottom 20% of own history) | Options moderately priced (IV 35th pct) | GEX positive — dealers providing support | Below 200MA — downtrend, scale in slowly"
2026-06-17,AAPL,295.95,36.79,267.85,True,5.4,28,,23.34,0.67,1.1,positive,269.01,300.0,240.0,6,"BUY — oversold, good loading zone","RSI extremely oversold (bottom 5% of own history) | Options moderately priced (IV 28th pct) | GEX positive — dealers providing support | Above 200MA — uptrend intact, dip is buyable"
2026-06-17,MSFT,378.91,32.25,451.98,False,10.7,89,,32.14,0.45,-0.0091,negative,374.32,500.0,380.0,3,"NEUTRAL — no edge, wait","RSI very oversold (bottom 11% of own history) | Options expensive (IV top 11% of history) — fear priced in, wait | GEX negative — unstable, watch for stabilization | Below 200MA — downtrend, scale in slowly"
2026-06-17,NVDA,204.65,43.6,189.7,True,23.2,14,,37.11,0.78,0.5038,positive,195.25,210.0,205.0,5,"WATCH — setup building, not quite ready","RSI oversold (bottom 23% of own history) | Options cheap (IV bottom 14% of own history) — good entry cost | GEX positive — dealers providing support | Above 200MA — uptrend intact, dip is buyable"
2026-06-17,GOOGL,363.79,35.1,310.32,True,23.2,64,,32.7,0.73,0.3435,positive,354.27,370.0,355.0,3,"NEUTRAL — no edge, wait","RSI oversold (bottom 23% of own history) | GEX positive — dealers providing support | Above 200MA — uptrend intact, dip is buyable"
2026-06-17,META,567.58,32.55,655.71,False,23.2,61,,34.81,0.46,-0.0074,negative,560.78,750.0,550.0,2,"NEUTRAL — no edge, wait","RSI oversold (bottom 23% of own history) | GEX negative — unstable, watch for stabilization | Below 200MA — downtrend, scale in slowly"
2026-06-17,AMZN,237.5,22.35,232.71,True,1.8,59,,32.39,0.69,0.12190000000000001,positive,221.98,270.0,237.5,5,"WATCH — setup building, not quite ready","RSI extremely oversold (bottom 2% of own history) | GEX positive — dealers providing support | Above 200MA — uptrend intact, dip is buyable"
2026-06-17,TSLA,396.38,35.39,416.61,False,10.7,35,,49.57,0.7,0.19,positive,385.91,420.0,395.0,4,"WATCH — setup building, not quite ready","RSI very oversold (bottom 11% of own history) | Options moderately priced (IV 35th pct) | GEX positive — dealers providing support | Below 200MA — downtrend, scale in slowly"
2026-06-18,AAPL,298.01,39.07,268.19,True,7.0,28,,23.34,0.68,1.3,positive,257.07,300.0,240.0,6,"BUY — oversold, good loading zone","RSI extremely oversold (bottom 7% of own history) | Options moderately priced (IV 28th pct) | GEX positive — dealers providing support | Above 200MA — uptrend intact, dip is buyable"
2026-06-18,MSFT,379.4,18.55,451.35,False,3.5,89,,32.14,0.46,-0.0277,negative,358.11,500.0,375.0,4,"WATCH — setup building, not quite ready","RSI extremely oversold (bottom 4% of own history) | Options expensive (IV top 11% of history) — fear priced in, wait | GEX negative — unstable, watch for stabilization | Below 200MA — downtrend, scale in slowly"
2026-06-18,NVDA,210.69,49.71,189.9,True,35.1,14,,37.11,0.78,2.0,positive,203.37,212.5,185.0,4,"WATCH — setup building, not quite ready","Options cheap (IV bottom 14% of own history) — good entry cost | GEX positive — dealers providing support | Above 200MA — uptrend intact, dip is buyable"
2026-06-18,GOOGL,368.03,42.57,311.1,True,31.6,64,,32.7,0.72,0.6741,positive,342.32,370.0,360.0,3,"NEUTRAL — no edge, wait","RSI oversold (bottom 32% of own history) | GEX positive — dealers providing support | Above 200MA — uptrend intact, dip is buyable"
2026-06-18,META,577.22,36.24,654.92,False,31.6,61,,34.81,0.47,0.30660000000000004,positive,543.19,750.0,550.0,2,"NEUTRAL — no edge, wait","RSI oversold (bottom 32% of own history) | GEX positive — dealers providing support | Below 200MA — downtrend, scale in slowly"
2026-06-18,AMZN,244.39,31.12,232.8,True,10.5,59,,32.39,0.67,0.5614,positive,222.74,245.0,230.0,4,"WATCH — setup building, not quite ready","RSI very oversold (bottom 10% of own history) | GEX positive — dealers providing support | Above 200MA — uptrend intact, dip is buyable"
2026-06-18,TSLA,400.49,38.56,416.96,False,21.1,35,,49.57,0.68,0.29769999999999996,positive,375.79,402.5,350.0,3,"NEUTRAL — no edge, wait","RSI oversold (bottom 21% of own history) | Options moderately priced (IV 35th pct) | GEX positive — dealers providing support | Below 200MA — downtrend, scale in slowly"
2026-06-19,AAPL,298.01,39.07,268.19,True,8.6,28,,23.34,0.68,0.9265,positive,257.5,310.0,240.0,6,"BUY — oversold, good loading zone","RSI extremely oversold (bottom 9% of own history) | Options moderately priced (IV 28th pct) | GEX positive — dealers providing support | Above 200MA — uptrend intact, dip is buyable"
2026-06-19,MSFT,379.4,18.55,451.35,False,5.2,89,,32.14,0.44,0.2558,positive,359.12,500.0,370.0,4,"WATCH — setup building, not quite ready","RSI extremely oversold (bottom 5% of own history) | Options expensive (IV top 11% of history) — fear priced in, wait | GEX positive — dealers providing support | Below 200MA — downtrend, scale in slowly"
2026-06-19,NVDA,210.69,49.71,189.9,True,36.2,14,,37.11,0.8,0.8287,positive,191.42,220.0,185.0,4,"WATCH — setup building, not quite ready","Options cheap (IV bottom 14% of own history) — good entry cost | GEX positive — dealers providing support | Above 200MA — uptrend intact, dip is buyable"
2026-06-19,GOOGL,368.03,42.57,311.1,True,32.8,64,,32.7,0.72,0.3356,positive,345.27,400.0,345.0,3,"NEUTRAL — no edge, wait","RSI oversold (bottom 33% of own history) | GEX positive — dealers providing support | Above 200MA — uptrend intact, dip is buyable"
2026-06-19,META,577.22,36.24,654.92,False,32.8,61,,34.81,0.47,0.2013,positive,545.34,700.0,550.0,2,"NEUTRAL — no edge, wait","RSI oversold (bottom 33% of own history) | GEX positive — dealers providing support | Below 200MA — downtrend, scale in slowly"
2026-06-19,AMZN,244.39,31.12,232.8,True,12.1,59,,32.39,0.68,0.3556,positive,224.01,250.0,230.0,4,"WATCH — setup building, not quite ready","RSI very oversold (bottom 12% of own history) | GEX positive — dealers providing support | Above 200MA — uptrend intact, dip is buyable"
2026-06-19,TSLA,400.49,38.56,416.96,False,22.4,35,,49.57,0.71,0.2877,positive,377.44,420.0,350.0,3,"NEUTRAL — no edge, wait","RSI oversold (bottom 22% of own history) | Options moderately priced (IV 35th pct) | GEX positive — dealers providing support | Below 200MA — downtrend, scale in slowly"
2026-06-22,AAPL,297.01,42.19,268.49,True,18.6,28,100.0,23.34,0.68,0.9211,positive,256.99,310.0,240.0,7,"BUY — oversold, good loading zone","RSI very oversold (bottom 19% of own history) | Options moderately priced (IV 28th pct) | Heavy put buying (P/C top 0% of history) — extreme fear, contrarian buy | GEX positive — dealers providing support | Above 200MA — uptrend intact, dip is buyable"
2026-06-22,MSFT,367.34,9.28,450.66,False,1.7,89,20.0,32.14,0.43,0.0742,positive,355.96,500.0,350.0,4,"WATCH — setup building, not quite ready","RSI extremely oversold (bottom 2% of own history) | Options expensive (IV top 11% of history) — fear priced in, wait | GEX positive — dealers providing support | Below 200MA — downtrend, scale in slowly"
2026-06-22,NVDA,208.65,38.23,190.09,True,10.2,14,80.0,37.11,0.79,0.8626,positive,193.57,220.0,200.0,8,STRONG BUY — macro dip on intact name,"RSI very oversold (bottom 10% of own history) | Options cheap (IV bottom 14% of own history) — good entry cost | Heavy put buying (P/C top 20% of history) — extreme fear, contrarian buy | GEX positive — dealers providing support | Above 200MA — uptrend intact, dip is buyable"
2026-06-22,GOOGL,349.68,36.27,311.69,True,23.7,64,20.0,32.7,0.7,0.027899999999999998,positive,339.36,415.0,345.0,3,"NEUTRAL — no edge, wait","RSI oversold (bottom 24% of own history) | GEX positive — dealers providing support | Above 200MA — uptrend intact, dip is buyable"
2026-06-22,META,563.85,39.95,654.05,False,42.4,61,20.0,34.81,0.45,0.1608,positive,542.98,750.0,550.0,1,AVOID — not oversold or fear is company-specific,"GEX positive — dealers providing support | Below 200MA — downtrend, scale in slowly"
2026-06-22,AMZN,232.79,30.16,232.84,False,10.2,59,20.0,32.39,0.66,0.1305,positive,222.85,270.0,230.0,3,"NEUTRAL — no edge, wait","RSI very oversold (bottom 10% of own history) | GEX positive — dealers providing support | Below 200MA — downtrend, scale in slowly"
2026-06-22,TSLA,405.05,46.1,417.32,False,40.7,35,100.0,49.57,0.72,0.7156,positive,376.31,405.0,350.0,4,"WATCH — setup building, not quite ready","Options moderately priced (IV 35th pct) | Heavy put buying (P/C top 0% of history) — extreme fear, contrarian buy | GEX positive — dealers providing support | Below 200MA — downtrend, scale in slowly"
2026-06-23,AAPL,294.3,30.41,268.76,True,3.3,28,50.0,23.34,0.67,0.7295,positive,255.35,300.0,290.0,6,"BUY — oversold, good loading zone","RSI extremely oversold (bottom 3% of own history) | Options moderately priced (IV 28th pct) | GEX positive — dealers providing support | Above 200MA — uptrend intact, dip is buyable"
2026-06-23,MSFT,373.94,16.91,449.99,False,5.0,89,33.3,32.14,0.43,0.3063,positive,360.88,500.0,350.0,4,"WATCH — setup building, not quite ready","RSI extremely oversold (bottom 5% of own history) | Options expensive (IV top 11% of history) — fear priced in, wait | GEX positive — dealers providing support | Below 200MA — downtrend, scale in slowly"
2026-06-23,NVDA,200.04,34.57,190.23,True,6.7,14,50.0,37.11,0.78,0.3232,positive,192.83,220.0,200.0,7,"BUY — oversold, good loading zone","RSI extremely oversold (bottom 7% of own history) | Options cheap (IV bottom 14% of own history) — good entry cost | GEX positive — dealers providing support | Above 200MA — uptrend intact, dip is buyable"
2026-06-23,GOOGL,346.13,40.89,312.26,True,30.0,64,16.7,32.7,0.69,0.1029,positive,340.64,415.0,345.0,3,"NEUTRAL — no edge, wait","RSI oversold (bottom 30% of own history) | GEX positive — dealers providing support | Above 200MA — uptrend intact, dip is buyable"
2026-06-23,META,562.2,40.22,653.12,False,45.0,61,33.3,34.81,0.45,0.1889,positive,550.67,750.0,550.0,1,AVOID — not oversold or fear is company-specific,"GEX positive — dealers providing support | Below 200MA — downtrend, scale in slowly"
2026-06-23,AMZN,234.11,33.6,232.83,True,16.7,59,16.7,32.39,0.65,0.25880000000000003,positive,225.01,250.0,230.0,4,"WATCH — setup building, not quite ready","RSI very oversold (bottom 17% of own history) | GEX positive — dealers providing support | Above 200MA — uptrend intact, dip is buyable"
2026-06-23,TSLA,381.61,36.36,417.53,False,11.7,35,100.0,49.57,0.73,0.031,positive,380.26,410.0,370.0,6,"BUY — oversold, good loading zone","RSI very oversold (bottom 12% of own history) | Options moderately priced (IV 35th pct) | Heavy put buying (P/C top 0% of history) — extreme fear, contrarian buy | GEX positive — dealers providing support | Below 200MA — downtrend, scale in slowly"
2026-06-24,AAPL,293.08,32.69,269.03,True,4.9,28,100.0,23.34,0.69,0.5672999999999999,positive,256.56,310.0,292.5,8,STRONG BUY — macro dip on intact name,"RSI extremely oversold (bottom 5% of own history) | Options moderately priced (IV 28th pct) | Heavy put buying (P/C top 0% of history) — extreme fear, contrarian buy | GEX positive — dealers providing support | Above 200MA — uptrend intact, dip is buyable"
2026-06-24,MSFT,365.46,17.88,449.34,False,6.6,89,57.1,32.14,0.44,-0.023399999999999997,negative,359.86,500.0,365.0,4,"WATCH — setup building, not quite ready","RSI extremely oversold (bottom 7% of own history) | Options expensive (IV top 11% of history) — fear priced in, wait | GEX negative — unstable, watch for stabilization | Below 200MA — downtrend, scale in slowly"
2026-06-24,NVDA,199.0,38.21,190.39,True,11.5,14,57.1,37.11,0.78,0.1702,positive,195.75,220.0,200.0,6,"BUY — oversold, good loading zone","RSI very oversold (bottom 12% of own history) | Options cheap (IV bottom 14% of own history) — good entry cost | GEX positive — dealers providing support | Above 200MA — uptrend intact, dip is buyable"
2026-06-24,GOOGL,345.29,41.87,312.82,True,31.1,64,42.9,32.7,0.7,-0.141,negative,346.75,415.0,345.0,3,"NEUTRAL — no edge, wait","RSI oversold (bottom 31% of own history) | GEX negative — unstable, watch for stabilization | Above 200MA — uptrend intact, dip is buyable"
2026-06-24,META,557.67,29.62,652.14,False,18.0,61,14.3,34.81,0.44,0.087,positive,543.16,750.0,550.0,3,"NEUTRAL — no edge, wait","RSI very oversold (bottom 18% of own history) | GEX positive — dealers providing support | Below 200MA — downtrend, scale in slowly"
2026-06-24,AMZN,234.27,37.3,232.84,True,26.2,59,14.3,32.39,0.64,0.3393,positive,224.12,235.0,220.0,3,"NEUTRAL — no edge, wait","RSI oversold (bottom 26% of own history) | GEX positive — dealers providing support | Above 200MA — uptrend intact, dip is buyable"
2026-06-24,TSLA,375.53,35.0,417.66,False,8.2,35,71.4,49.57,0.71,-0.26539999999999997,negative,369.85,410.0,375.0,6,"BUY — oversold, good loading zone","RSI extremely oversold (bottom 8% of own history) | Options moderately priced (IV 35th pct) | Elevated put buying (P/C 71th pct) | GEX negative — unstable, watch for stabilization | Below 200MA — downtrend, scale in slowly"
2026-06-25,AAPL,275.15,22.9,269.21,True,1.6,28,50.0,23.34,0.67,0.1755,positive,256.29,300.0,270.0,6,"BUY — oversold, good loading zone","RSI extremely oversold (bottom 2% of own history) | Options moderately priced (IV 28th pct) | GEX positive — dealers providing support | Above 200MA — uptrend intact, dip is buyable"
2026-06-25,MSFT,352.83,15.25,448.61,False,4.8,89,62.5,32.14,0.44,-0.0854,negative,353.31,500.0,350.0,5,"WATCH — setup building, not quite ready","RSI extremely oversold (bottom 5% of own history) | Options expensive (IV top 11% of history) — fear priced in, wait | Elevated put buying (P/C 62th pct) | GEX negative — unstable, watch for stabilization | Below 200MA — downtrend, scale in slowly"
2026-06-25,NVDA,195.74,32.67,190.53,True,3.2,14,62.5,37.11,0.78,0.06620000000000001,positive,194.13,220.0,195.0,8,STRONG BUY — macro dip on intact name,"RSI extremely oversold (bottom 3% of own history) | Options cheap (IV bottom 14% of own history) — good entry cost | Elevated put buying (P/C 62th pct) | GEX positive — dealers providing support | Above 200MA — uptrend intact, dip is buyable"
2026-06-25,GOOGL,343.71,30.39,313.36,True,12.9,64,50.0,32.7,0.7,0.0016,positive,345.59,415.0,340.0,4,"WATCH — setup building, not quite ready","RSI very oversold (bottom 13% of own history) | GEX positive — dealers providing support | Above 200MA — uptrend intact, dip is buyable"
2026-06-25,META,542.87,25.15,651.1,False,4.8,61,12.5,34.81,0.43,-0.060899999999999996,negative,543.73,750.0,540.0,4,"WATCH — setup building, not quite ready","RSI extremely oversold (bottom 5% of own history) | GEX negative — unstable, watch for stabilization | Below 200MA — downtrend, scale in slowly"
2026-06-25,AMZN,227.01,29.55,232.8,False,9.7,59,25.0,32.39,0.64,0.0345,positive,225.21,250.0,225.0,4,"WATCH — setup building, not quite ready","RSI extremely oversold (bottom 10% of own history) | GEX positive — dealers providing support | Below 200MA — downtrend, scale in slowly"
2026-06-25,TSLA,375.12,36.08,417.8,False,12.9,35,50.0,49.57,0.7,0.0371,positive,372.92,410.0,370.0,4,"WATCH — setup building, not quite ready","RSI very oversold (bottom 13% of own history) | Options moderately priced (IV 35th pct) | GEX positive — dealers providing support | Below 200MA — downtrend, scale in slowly"
2026-06-26,AAPL,283.78,33.48,269.46,True,7.9,28,88.9,23.34,0.68,0.921,positive,262.58,300.0,270.0,8,STRONG BUY — macro dip on intact name,"RSI extremely oversold (bottom 8% of own history) | Options moderately priced (IV 28th pct) | Heavy put buying (P/C top 11% of history) — extreme fear, contrarian buy | GEX positive — dealers providing support | Above 200MA — uptrend intact, dip is buyable"
2026-06-26,MSFT,372.97,31.32,447.99,False,19.0,89,77.8,32.14,0.45,0.4055,positive,349.44,500.0,350.0,4,"WATCH — setup building, not quite ready","RSI very oversold (bottom 19% of own history) | Options expensive (IV top 11% of history) — fear priced in, wait | Elevated put buying (P/C 78th pct) | GEX positive — dealers providing support | Below 200MA — downtrend, scale in slowly"
2026-06-26,NVDA,192.53,38.73,190.64,True,15.9,14,88.9,37.11,0.79,0.1938,positive,186.84,220.0,185.0,8,STRONG BUY — macro dip on intact name,"RSI very oversold (bottom 16% of own history) | Options cheap (IV bottom 14% of own history) — good entry cost | Heavy put buying (P/C top 11% of history) — extreme fear, contrarian buy | GEX positive — dealers providing support | Above 200MA — uptrend intact, dip is buyable"
2026-06-26,GOOGL,337.39,29.31,313.85,True,7.9,64,55.6,32.7,0.71,-0.1093,negative,336.39,400.0,335.0,5,"WATCH — setup building, not quite ready","RSI extremely oversold (bottom 8% of own history) | GEX negative — unstable, watch for stabilization | Above 200MA — uptrend intact, dip is buyable"
2026-06-26,META,550.25,35.08,650.02,False,27.0,61,33.3,34.81,0.44,0.0351,positive,531.65,750.0,550.0,2,"NEUTRAL — no edge, wait","RSI oversold (bottom 27% of own history) | GEX positive — dealers providing support | Below 200MA — downtrend, scale in slowly"
2026-06-26,AMZN,232.69,39.48,232.77,False,30.2,59,44.4,32.39,0.65,0.2338,positive,219.64,250.0,220.0,2,"NEUTRAL — no edge, wait","RSI oversold (bottom 30% of own history) | GEX positive — dealers providing support | Below 200MA — downtrend, scale in slowly"
2026-06-26,TSLA,379.71,45.75,417.96,False,42.9,35,11.1,49.57,0.67,0.3217,positive,363.64,400.0,350.0,2,"NEUTRAL — no edge, wait","Options moderately priced (IV 35th pct) | GEX positive — dealers providing support | Below 200MA — downtrend, scale in slowly"
2026-06-29,AAPL,281.74,35.35,269.73,True,10.9,48,100.0,24.96,0.69,0.5344,positive,265.08,300.0,275.0,6,"BUY — oversold, good loading zone","RSI very oversold (bottom 11% of own history) | Heavy put buying (P/C top 0% of history) — extreme fear, contrarian buy | GEX positive — dealers providing support | Above 200MA — uptrend intact, dip is buyable"
2026-06-29,MSFT,368.57,31.47,447.33,False,20.3,96,80.0,37.27,0.45,0.3418,positive,351.68,500.0,350.0,4,"WATCH — setup building, not quite ready","RSI oversold (bottom 20% of own history) | Options expensive (IV top 4% of history) — fear priced in, wait | Heavy put buying (P/C top 20% of history) — extreme fear, contrarian buy | GEX positive — dealers providing support | Below 200MA — downtrend, scale in slowly"
2026-06-29,NVDA,194.97,37.5,190.73,True,10.9,7,100.0,35.54,0.8,0.7293,positive,188.52,195.0,185.0,8,STRONG BUY — macro dip on intact name,"RSI very oversold (bottom 11% of own history) | Options cheap (IV bottom 7% of own history) — good entry cost | Heavy put buying (P/C top 0% of history) — extreme fear, contrarian buy | GEX positive — dealers providing support | Above 200MA — uptrend intact, dip is buyable"
2026-06-29,GOOGL,353.65,44.4,314.42,True,40.6,68,10.0,33.3,0.66,0.3529,positive,333.26,400.0,320.0,2,"NEUTRAL — no edge, wait","GEX positive — dealers providing support | Above 200MA — uptrend intact, dip is buyable"
2026-06-29,META,562.6,42.3,649.07,False,50.0,63,20.0,35.13,0.43,0.413,positive,533.95,750.0,550.0,1,AVOID — not oversold or fear is company-specific,"GEX positive — dealers providing support | Below 200MA — downtrend, scale in slowly"
2026-06-29,AMZN,240.14,46.37,232.82,True,40.6,63,30.0,32.91,0.64,0.6141,positive,221.95,250.0,220.0,2,"NEUTRAL — no edge, wait","GEX positive — dealers providing support | Above 200MA — uptrend intact, dip is buyable"
2026-06-29,TSLA,411.84,50.98,418.28,False,51.6,10,30.0,43.57,0.68,0.7545,positive,365.69,420.0,350.0,3,"NEUTRAL — no edge, wait","Options cheap (IV bottom 10% of own history) — good entry cost | GEX positive — dealers providing support | Below 200MA — downtrend, scale in slowly"
2026-06-30,AAPL,289.36,49.07,270.03,True,29.2,48,81.8,24.96,0.68,0.9117000000000001,positive,267.94,300.0,270.0,5,"WATCH — setup building, not quite ready","RSI oversold (bottom 29% of own history) | Heavy put buying (P/C top 18% of history) — extreme fear, contrarian buy | GEX positive — dealers providing support | Above 200MA — uptrend intact, dip is buyable"
2026-06-30,MSFT,373.02,36.5,446.69,False,29.2,96,54.5,37.27,0.44,0.5157999999999999,positive,357.56,500.0,350.0,2,"NEUTRAL — no edge, wait","RSI oversold (bottom 29% of own history) | Options expensive (IV top 4% of history) — fear priced in, wait | GEX positive — dealers providing support | Below 200MA — downtrend, scale in slowly"
2026-06-30,NVDA,200.09,43.18,190.84,True,27.7,7,54.5,35.54,0.78,1.1,positive,190.4,200.0,180.0,5,"WATCH — setup building, not quite ready","RSI oversold (bottom 28% of own history) | Options cheap (IV bottom 7% of own history) — good entry cost | GEX positive — dealers providing support | Above 200MA — uptrend intact, dip is buyable"
2026-06-30,GOOGL,357.37,46.13,315.01,True,44.6,68,18.2,33.3,0.66,0.5413,positive,336.98,360.0,320.0,2,"NEUTRAL — no edge, wait","GEX positive — dealers providing support | Above 200MA — uptrend intact, dip is buyable"
2026-06-30,META,563.29,42.8,648.13,False,52.3,63,27.3,35.13,0.43,0.3615,positive,540.93,750.0,550.0,1,AVOID — not oversold or fear is company-specific,"GEX positive — dealers providing support | Below 200MA — downtrend, scale in slowly"
2026-06-30,AMZN,238.34,45.87,232.86,True,38.5,63,36.4,32.91,0.64,0.4333,positive,221.68,250.0,220.0,2,"NEUTRAL — no edge, wait","GEX positive — dealers providing support | Above 200MA — uptrend intact, dip is buyable"
2026-06-30,TSLA,420.6,58.33,418.54,True,64.6,10,63.6,43.57,0.7,0.9424,positive,375.43,420.0,350.0,5,"WATCH — setup building, not quite ready","Options cheap (IV bottom 10% of own history) — good entry cost | Elevated put buying (P/C 64th pct) | GEX positive — dealers providing support | Above 200MA — uptrend intact, dip is buyable"
2026-07-01,AAPL,294.38,52.05,270.33,True,31.8,48,41.7,24.96,0.67,1.5,positive,265.16,295.0,240.0,3,"NEUTRAL — no edge, wait","RSI oversold (bottom 32% of own history) | GEX positive — dealers providing support | Above 200MA — uptrend intact, dip is buyable"
2026-07-01,MSFT,384.28,44.45,446.06,False,45.5,96,58.3,37.27,0.44,1.1,positive,356.35,385.0,350.0,1,AVOID — not oversold or fear is company-specific,"Options expensive (IV top 4% of history) — fear priced in, wait | GEX positive — dealers providing support | Below 200MA — downtrend, scale in slowly"
2026-07-01,NVDA,197.58,47.38,190.94,True,37.9,7,58.3,35.54,0.78,0.9028999999999999,positive,189.73,200.0,180.0,4,"WATCH — setup building, not quite ready","Options cheap (IV bottom 7% of own history) — good entry cost | GEX positive — dealers providing support | Above 200MA — uptrend intact, dip is buyable"
2026-07-01,GOOGL,361.21,52.84,315.61,True,53.0,68,8.3,33.3,0.65,0.6794,positive,337.61,365.0,320.0,2,"NEUTRAL — no edge, wait","GEX positive — dealers providing support | Above 200MA — uptrend intact, dip is buyable"
2026-07-01,META,612.91,61.4,647.42,False,78.8,63,8.3,35.13,0.42,1.0,positive,528.79,750.0,550.0,1,AVOID — not oversold or fear is company-specific,"GEX positive — dealers providing support | Below 200MA — downtrend, scale in slowly"
2026-07-01,AMZN,241.7,52.72,232.93,True,54.5,63,8.3,32.91,0.62,0.722,positive,221.44,242.5,220.0,2,"NEUTRAL — no edge, wait","GEX positive — dealers providing support | Above 200MA — uptrend intact, dip is buyable"
2026-07-01,TSLA,425.3,66.42,418.69,True,89.4,10,16.7,43.57,0.67,1.6,positive,376.25,425.0,350.0,4,"WATCH — setup building, not quite ready","Options cheap (IV bottom 10% of own history) — good entry cost | GEX positive — dealers providing support | Above 200MA — uptrend intact, dip is buyable"
2026-07-02,AAPL,308.63,58.29,270.69,True,35.8,48,84.6,24.96,0.68,1.6,positive,261.88,310.0,240.0,4,"WATCH — setup building, not quite ready","Heavy put buying (P/C top 15% of history) — extreme fear, contrarian buy | GEX positive — dealers providing support | Above 200MA — uptrend intact, dip is buyable"
2026-07-02,MSFT,390.49,50.06,445.44,False,59.7,96,61.5,37.27,0.44,1.2,positive,349.44,400.0,350.0,2,"NEUTRAL — no edge, wait","Options expensive (IV top 4% of history) — fear priced in, wait | Elevated put buying (P/C 62th pct) | GEX positive — dealers providing support | Below 200MA — downtrend, scale in slowly"
2026-07-02,NVDA,194.83,40.42,191.03,True,22.4,7,100.0,35.54,0.81,0.5283,positive,185.99,195.0,180.0,7,"BUY — oversold, good loading zone","RSI oversold (bottom 22% of own history) | Options cheap (IV bottom 7% of own history) — good entry cost | Heavy put buying (P/C top 0% of history) — extreme fear, contrarian buy | GEX positive — dealers providing support | Above 200MA — uptrend intact, dip is buyable"
2026-07-02,GOOGL,359.91,51.26,316.15,True,50.7,68,15.4,33.3,0.65,1.1,positive,330.46,360.0,320.0,2,"NEUTRAL — no edge, wait","GEX positive — dealers providing support | Above 200MA — uptrend intact, dip is buyable"
2026-07-02,META,582.9,53.42,646.51,False,68.7,63,38.5,35.13,0.43,0.5765,positive,525.42,750.0,550.0,1,AVOID — not oversold or fear is company-specific,"GEX positive — dealers providing support | Below 200MA — downtrend, scale in slowly"
2026-07-02,AMZN,242.67,50.89,232.98,True,49.3,63,15.4,32.91,0.63,0.7296,positive,218.86,245.0,220.0,2,"NEUTRAL — no edge, wait","GEX positive — dealers providing support | Above 200MA — uptrend intact, dip is buyable"
2026-07-02,TSLA,393.45,48.07,418.61,False,46.3,10,38.5,43.57,0.69,0.2326,positive,370.95,395.0,390.0,3,"NEUTRAL — no edge, wait","Options cheap (IV bottom 10% of own history) — good entry cost | GEX positive — dealers providing support | Below 200MA — downtrend, scale in slowly"
2026-07-03,AAPL,308.63,58.29,270.69,True,36.8,48,85.7,24.96,0.68,1.3,positive,265.49,310.0,240.0,4,"WATCH — setup building, not quite ready","Heavy put buying (P/C top 14% of history) — extreme fear, contrarian buy | GEX positive — dealers providing support | Above 200MA — uptrend intact, dip is buyable"
2026-07-03,MSFT,390.49,50.06,445.44,False,60.3,96,64.3,37.27,0.44,0.8152999999999999,positive,351.84,400.0,350.0,2,"NEUTRAL — no edge, wait","Options expensive (IV top 4% of history) — fear priced in, wait | Elevated put buying (P/C 64th pct) | GEX positive — dealers providing support | Below 200MA — downtrend, scale in slowly"
2026-07-03,NVDA,194.83,40.42,191.03,True,23.5,7,92.9,35.54,0.8,0.3242,positive,186.65,200.0,180.0,7,"BUY — oversold, good loading zone","RSI oversold (bottom 24% of own history) | Options cheap (IV bottom 7% of own history) — good entry cost | Heavy put buying (P/C top 7% of history) — extreme fear, contrarian buy | GEX positive — dealers providing support | Above 200MA — uptrend intact, dip is buyable"
2026-07-03,GOOGL,359.91,51.26,316.15,True,51.5,68,35.7,33.3,0.66,0.38689999999999997,positive,330.39,400.0,320.0,2,"NEUTRAL — no edge, wait","GEX positive — dealers providing support | Above 200MA — uptrend intact, dip is buyable"
2026-07-03,META,582.9,53.42,646.51,False,69.1,63,14.3,35.13,0.42,0.5307000000000001,positive,529.5,750.0,550.0,1,AVOID — not oversold or fear is company-specific,"GEX positive — dealers providing support | Below 200MA — downtrend, scale in slowly"
2026-07-03,AMZN,242.67,50.89,232.98,True,50.0,63,21.4,32.91,0.63,0.5241,positive,219.49,250.0,220.0,2,"NEUTRAL — no edge, wait","GEX positive — dealers providing support | Above 200MA — uptrend intact, dip is buyable"
2026-07-03,TSLA,393.45,48.07,418.61,False,47.1,10,35.7,43.57,0.68,0.2597,positive,372.52,450.0,350.0,3,"NEUTRAL — no edge, wait","Options cheap (IV bottom 10% of own history) — good entry cost | GEX positive — dealers providing support | Below 200MA — downtrend, scale in slowly"
2026-07-06,AAPL,312.66,63.82,271.06,True,53.6,56,86.7,25.81,0.68,1.8,positive,265.71,320.0,240.0,4,"WATCH — setup building, not quite ready","Heavy put buying (P/C top 13% of history) — extreme fear, contrarian buy | GEX positive — dealers providing support | Above 200MA — uptrend intact, dip is buyable"
2026-07-06,MSFT,386.74,48.34,444.82,False,53.6,94,66.7,35.73,0.44,0.7273,positive,354.18,500.0,350.0,2,"NEUTRAL — no edge, wait","Options expensive (IV top 6% of history) — fear priced in, wait | Elevated put buying (P/C 67th pct) | GEX positive — dealers providing support | Below 200MA — downtrend, scale in slowly"
2026-07-06,NVDA,195.55,40.87,191.13,True,24.6,9,73.3,35.79,0.79,0.5995,positive,187.32,200.0,180.0,6,"BUY — oversold, good loading zone","RSI oversold (bottom 25% of own history) | Options cheap (IV bottom 9% of own history) — good entry cost | Elevated put buying (P/C 73th pct) | GEX positive — dealers providing support | Above 200MA — uptrend intact, dip is buyable"
2026-07-06,GOOGL,366.46,53.78,316.73,True,56.5,67,20.0,33.18,0.65,0.5832,positive,333.8,370.0,320.0,2,"NEUTRAL — no edge, wait","GEX positive — dealers providing support | Above 200MA — uptrend intact, dip is buyable"
2026-07-06,META,600.29,57.33,645.62,False,73.9,77,20.0,39.29,0.42,1.1,positive,537.59,600.0,550.0,1,AVOID — not oversold or fear is company-specific,"GEX positive — dealers providing support | Below 200MA — downtrend, scale in slowly"
2026-07-06,AMZN,244.16,54.38,233.03,True,60.9,74,26.7,35.11,0.63,0.6302000000000001,positive,220.0,245.0,220.0,2,"NEUTRAL — no edge, wait","GEX positive — dealers providing support | Above 200MA — uptrend intact, dip is buyable"
2026-07-06,TSLA,419.77,54.01,418.6,True,56.5,18,40.0,45.31,0.68,0.9402999999999999,positive,374.62,420.0,350.0,4,"WATCH — setup building, not quite ready","Options cheap (IV bottom 18% of own history) — good entry cost | GEX positive — dealers providing support | Above 200MA — uptrend intact, dip is buyable"
2026-07-07,AAPL,310.66,59.54,271.42,True,38.6,56,87.5,25.81,0.68,1.4,positive,,320.0,240.0,4,"WATCH — setup building, not quite ready","Heavy put buying (P/C top 12% of history) — extreme fear, contrarian buy | GEX positive — dealers providing support | Above 200MA — uptrend intact, dip is buyable"
2026-07-07,MSFT,388.84,45.19,444.22,False,45.7,94,68.8,35.73,0.44,0.7888,positive,357.23,400.0,350.0,2,"NEUTRAL — no edge, wait","Options expensive (IV top 6% of history) — fear priced in, wait | Elevated put buying (P/C 69th pct) | GEX positive — dealers providing support | Below 200MA — downtrend, scale in slowly"
2026-07-07,NVDA,196.93,33.46,191.26,True,5.7,9,50.0,35.79,0.78,0.805,positive,188.27,200.0,180.0,7,"BUY — oversold, good loading zone","RSI extremely oversold (bottom 6% of own history) | Options cheap (IV bottom 9% of own history) — good entry cost | GEX positive — dealers providing support | Above 200MA — uptrend intact, dip is buyable"
2026-07-07,GOOGL,367.03,48.56,317.32,True,45.7,67,43.8,33.18,0.66,0.5777,positive,337.24,370.0,320.0,2,"NEUTRAL — no edge, wait","GEX positive — dealers providing support | Above 200MA — uptrend intact, dip is buyable"
2026-07-07,META,615.58,55.11,644.82,False,72.9,77,50.0,39.29,0.43,1.2,positive,534.62,750.0,550.0,1,AVOID — not oversold or fear is company-specific,"GEX positive — dealers providing support | Below 200MA — downtrend, scale in slowly"
2026-07-07,AMZN,245.98,49.97,233.1,True,45.7,74,12.5,35.11,0.62,0.6864,positive,222.21,250.0,220.0,2,"NEUTRAL — no edge, wait","GEX positive — dealers providing support | Above 200MA — uptrend intact, dip is buyable"
2026-07-07,TSLA,402.9,47.69,418.48,False,44.3,18,50.0,45.31,0.69,0.45530000000000004,positive,382.19,420.0,380.0,3,"NEUTRAL — no edge, wait","Options cheap (IV bottom 18% of own history) — good entry cost | GEX positive — dealers providing support | Below 200MA — downtrend, scale in slowly"
2026-07-08,AAPL,313.39,59.49,271.8,True,38.0,56,100.0,25.81,0.69,1.6,positive,268.03,320.0,240.0,4,"WATCH — setup building, not quite ready","Heavy put buying (P/C top 0% of history) — extreme fear, contrarian buy | GEX positive — dealers providing support | Above 200MA — uptrend intact, dip is buyable"
2026-07-08,MSFT,383.34,45.36,443.59,False,47.9,94,70.6,35.73,0.44,0.5332,positive,358.3,500.0,350.0,2,"NEUTRAL — no edge, wait","Options expensive (IV top 6% of history) — fear priced in, wait | Elevated put buying (P/C 71th pct) | GEX positive — dealers providing support | Below 200MA — downtrend, scale in slowly"
2026-07-08,NVDA,204.12,46.65,191.4,True,39.4,9,5.9,35.79,0.76,1.5,positive,185.9,205.0,180.0,4,"WATCH — setup building, not quite ready","Options cheap (IV bottom 9% of own history) — good entry cost | GEX positive — dealers providing support | Above 200MA — uptrend intact, dip is buyable"
2026-07-08,GOOGL,361.92,43.07,317.87,True,35.2,67,47.1,33.18,0.68,0.4097,positive,338.28,370.0,320.0,2,"NEUTRAL — no edge, wait","GEX positive — dealers providing support | Above 200MA — uptrend intact, dip is buyable"
2026-07-08,META,603.12,50.66,643.93,False,62.0,77,52.9,39.29,0.43,0.8102999999999999,positive,537.24,750.0,550.0,1,AVOID — not oversold or fear is company-specific,"GEX positive — dealers providing support | Below 200MA — downtrend, scale in slowly"
2026-07-08,AMZN,243.62,48.04,233.17,True,42.3,74,35.3,35.11,0.63,0.5807,positive,223.33,250.0,220.0,2,"NEUTRAL — no edge, wait","GEX positive — dealers providing support | Above 200MA — uptrend intact, dip is buyable"
2026-07-08,TSLA,394.06,47.07,418.37,False,42.3,18,88.2,45.31,0.71,0.1524,positive,380.22,420.0,380.0,5,"WATCH — setup building, not quite ready","Options cheap (IV bottom 18% of own history) — good entry cost | Heavy put buying (P/C top 12% of history) — extreme fear, contrarian buy | GEX positive — dealers providing support | Below 200MA — downtrend, scale in slowly"
2026-07-09,AAPL,316.22,63.68,272.15,True,54.2,56,100.0,25.81,0.69,1.7,positive,268.05,320.0,240.0,4,"WATCH — setup building, not quite ready","Heavy put buying (P/C top 0% of history) — extreme fear, contrarian buy | GEX positive — dealers providing support | Above 200MA — uptrend intact, dip is buyable"
2026-07-09,MSFT,384.36,52.75,442.93,False,65.3,94,72.2,35.73,0.44,0.6127,positive,360.17,400.0,350.0,2,"NEUTRAL — no edge, wait","Options expensive (IV top 6% of history) — fear priced in, wait | Elevated put buying (P/C 72th pct) | GEX positive — dealers providing support | Below 200MA — downtrend, scale in slowly"
2026-07-09,NVDA,202.78,48.04,191.53,True,44.4,9,11.1,35.79,0.77,1.5,positive,189.93,205.0,180.0,4,"WATCH — setup building, not quite ready","Options cheap (IV bottom 9% of own history) — good entry cost | GEX positive — dealers providing support | Above 200MA — uptrend intact, dip is buyable"
2026-07-09,GOOGL,358.89,46.74,318.39,True,45.8,67,50.0,33.18,0.68,0.36110000000000003,positive,339.97,370.0,320.0,2,"NEUTRAL — no edge, wait","GEX positive — dealers providing support | Above 200MA — uptrend intact, dip is buyable"
2026-07-09,META,631.48,64.69,643.2,False,83.3,77,55.6,39.29,0.43,1.3,positive,,750.0,550.0,1,AVOID — not oversold or fear is company-specific,"GEX positive — dealers providing support | Below 200MA — downtrend, scale in slowly"
2026-07-09,AMZN,247.04,58.58,233.24,True,63.9,74,61.1,35.11,0.64,0.7316,positive,221.09,250.0,220.0,3,"NEUTRAL — no edge, wait","Elevated put buying (P/C 61th pct) | GEX positive — dealers providing support | Above 200MA — uptrend intact, dip is buyable"
2026-07-09,TSLA,406.55,52.75,418.27,False,55.6,18,50.0,45.31,0.69,0.7096,positive,384.81,420.0,380.0,3,"NEUTRAL — no edge, wait","Options cheap (IV bottom 18% of own history) — good entry cost | GEX positive — dealers providing support | Below 200MA — downtrend, scale in slowly"
2026-07-10,AAPL,315.32,61.87,272.45,True,46.6,56,100.0,25.81,0.7,1.5,positive,274.58,320.0,240.0,4,"WATCH — setup building, not quite ready","Heavy put buying (P/C top 0% of history) — extreme fear, contrarian buy | GEX positive — dealers providing support | Above 200MA — uptrend intact, dip is buyable"
2026-07-10,MSFT,385.1,52.87,442.28,False,65.8,94,73.7,35.73,0.44,0.8936000000000001,positive,354.2,500.0,350.0,2,"NEUTRAL — no edge, wait","Options expensive (IV top 6% of history) — fear priced in, wait | Elevated put buying (P/C 74th pct) | GEX positive — dealers providing support | Below 200MA — downtrend, scale in slowly"
2026-07-10,NVDA,210.96,50.27,191.67,True,49.3,9,15.8,35.79,0.77,1.4,positive,186.57,220.0,180.0,4,"WATCH — setup building, not quite ready","Options cheap (IV bottom 9% of own history) — good entry cost | GEX positive — dealers providing support | Above 200MA — uptrend intact, dip is buyable"
2026-07-10,GOOGL,357.18,42.54,318.91,True,31.5,67,57.9,33.18,0.69,0.477,positive,337.09,357.5,320.0,3,"NEUTRAL — no edge, wait","RSI oversold (bottom 32% of own history) | GEX positive — dealers providing support | Above 200MA — uptrend intact, dip is buyable"
2026-07-10,META,669.21,68.73,642.72,True,87.7,77,5.3,39.29,0.41,1.6,positive,,670.0,550.0,2,"NEUTRAL — no edge, wait","GEX positive — dealers providing support | Above 200MA — uptrend intact, dip is buyable"
2026-07-10,AMZN,245.34,50.94,233.33,True,50.7,74,36.8,35.11,0.63,1.1,positive,221.47,250.0,220.0,2,"NEUTRAL — no edge, wait","GEX positive — dealers providing support | Above 200MA — uptrend intact, dip is buyable"
2026-07-10,TSLA,407.76,51.99,418.14,False,52.1,18,52.6,45.31,0.69,0.758,positive,378.94,407.5,380.0,3,"NEUTRAL — no edge, wait","Options cheap (IV bottom 18% of own history) — good entry cost | GEX positive — dealers providing support | Below 200MA — downtrend, scale in slowly"
2026-07-13,AAPL,317.31,63.73,272.76,True,55.4,61,75.0,26.58,0.68,2.7,positive,273.39,317.5,240.0,3,"NEUTRAL — no edge, wait","Elevated put buying (P/C 75th pct) | GEX positive — dealers providing support | Above 200MA — uptrend intact, dip is buyable"
2026-07-13,MSFT,390.99,62.69,441.69,False,77.0,98,75.0,41.19,0.44,0.9103,positive,359.51,400.0,350.0,2,"NEUTRAL — no edge, wait","Options expensive (IV top 2% of history) — fear priced in, wait | Elevated put buying (P/C 75th pct) | GEX positive — dealers providing support | Below 200MA — downtrend, scale in slowly"
2026-07-13,NVDA,203.53,45.36,191.8,True,33.8,22,60.0,38.63,0.78,1.1,positive,188.49,210.0,180.0,5,"WATCH — setup building, not quite ready","RSI oversold (bottom 34% of own history) | Options moderately priced (IV 22th pct) | Elevated put buying (P/C 60th pct) | GEX positive — dealers providing support | Above 200MA — uptrend intact, dip is buyable"
2026-07-13,GOOGL,352.51,52.4,319.42,True,55.4,90,60.0,40.2,0.69,0.1391,positive,340.7,400.0,340.0,3,"NEUTRAL — no edge, wait","Options expensive (IV top 10% of history) — fear priced in, wait | Elevated put buying (P/C 60th pct) | GEX positive — dealers providing support | Above 200MA — uptrend intact, dip is buyable"
2026-07-13,META,656.73,68.98,642.22,True,87.8,95,25.0,54.18,0.42,1.3,positive,,700.0,550.0,2,"NEUTRAL — no edge, wait","Options expensive (IV top 5% of history) — fear priced in, wait | GEX positive — dealers providing support | Above 200MA — uptrend intact, dip is buyable"
2026-07-13,AMZN,247.31,67.81,233.47,True,68.9,85,65.0,40.66,0.64,0.7911,positive,222.99,250.0,220.0,3,"NEUTRAL — no edge, wait","Options expensive (IV top 15% of history) — fear priced in, wait | Elevated put buying (P/C 65th pct) | GEX positive — dealers providing support | Above 200MA — uptrend intact, dip is buyable"
2026-07-13,TSLA,394.76,47.3,417.98,False,43.2,24,100.0,46.9,0.73,0.22519999999999998,positive,380.72,420.0,380.0,4,"WATCH — setup building, not quite ready","Options moderately priced (IV 24th pct) | Heavy put buying (P/C top 0% of history) — extreme fear, contrarian buy | GEX positive — dealers providing support | Below 200MA — downtrend, scale in slowly"
2026-07-14,AAPL,314.86,63.96,273.08,True,57.3,61,95.2,26.58,0.69,1.5,positive,271.42,320.0,240.0,4,"WATCH — setup building, not quite ready","Heavy put buying (P/C top 5% of history) — extreme fear, contrarian buy | GEX positive — dealers providing support | Above 200MA — uptrend intact, dip is buyable"
2026-07-14,MSFT,384.93,55.93,441.06,False,70.7,98,90.5,41.19,0.45,0.6694,positive,360.48,400.0,350.0,3,"NEUTRAL — no edge, wait","Options expensive (IV top 2% of history) — fear priced in, wait | Heavy put buying (P/C top 10% of history) — extreme fear, contrarian buy | GEX positive — dealers providing support | Below 200MA — downtrend, scale in slowly"
2026-07-14,NVDA,211.8,60.72,191.97,True,70.7,22,61.9,38.63,0.78,1.6,positive,190.44,215.0,180.0,4,"WATCH — setup building, not quite ready","Options moderately priced (IV 22th pct) | Elevated put buying (P/C 62th pct) | GEX positive — dealers providing support | Above 200MA — uptrend intact, dip is buyable"
2026-07-14,GOOGL,359.51,60.7,319.98,True,64.0,90,61.9,40.2,0.69,0.42619999999999997,positive,344.47,370.0,340.0,3,"NEUTRAL — no edge, wait","Options expensive (IV top 10% of history) — fear priced in, wait | Elevated put buying (P/C 62th pct) | GEX positive — dealers providing support | Above 200MA — uptrend intact, dip is buyable"
2026-07-14,META,661.04,69.98,641.73,True,88.0,95,61.9,54.18,0.43,1.4,positive,,700.0,550.0,3,"NEUTRAL — no edge, wait","Options expensive (IV top 5% of history) — fear priced in, wait | Elevated put buying (P/C 62th pct) | GEX positive — dealers providing support | Above 200MA — uptrend intact, dip is buyable"
2026-07-14,AMZN,247.49,66.89,233.6,True,68.0,85,66.7,40.66,0.64,0.7635,positive,224.41,250.0,220.0,3,"NEUTRAL — no edge, wait","Options expensive (IV top 15% of history) — fear priced in, wait | Elevated put buying (P/C 67th pct) | GEX positive — dealers providing support | Above 200MA — uptrend intact, dip is buyable"
2026-07-14,TSLA,396.18,54.32,417.75,False,60.0,24,85.7,46.9,0.71,0.3902,positive,384.18,420.0,380.0,4,"WATCH — setup building, not quite ready","Options moderately priced (IV 24th pct) | Heavy put buying (P/C top 14% of history) — extreme fear, contrarian buy | GEX positive — dealers providing support | Below 200MA — downtrend, scale in slowly"
2026-07-15,AAPL,327.5,70.23,273.43,True,75.0,61,4.5,26.58,0.65,2.0,positive,,330.0,240.0,2,"NEUTRAL — no edge, wait","GEX positive — dealers providing support | Above 200MA — uptrend intact, dip is buyable"
2026-07-15,MSFT,395.63,65.9,440.5,False,81.6,98,90.9,41.19,0.45,1.2,positive,366.75,400.0,350.0,3,"NEUTRAL — no edge, wait","Options expensive (IV top 2% of history) — fear priced in, wait | Heavy put buying (P/C top 9% of history) — extreme fear, contrarian buy | GEX positive — dealers providing support | Below 200MA — downtrend, scale in slowly"
2026-07-15,NVDA,212.5,62.39,192.14,True,71.1,22,95.5,38.63,0.8,3.7,strongly_positive,191.55,212.5,170.0,6,"BUY — oversold, good loading zone","Options moderately priced (IV 22th pct) | Heavy put buying (P/C top 4% of history) — extreme fear, contrarian buy | GEX strongly positive — dealers stabilizing, dip buyers have tailwind | Above 200MA — uptrend intact, dip is buyable"
2026-07-15,GOOGL,370.92,67.54,320.6,True,65.8,90,45.5,40.2,0.68,0.7797999999999999,positive,344.21,415.0,320.0,2,"NEUTRAL — no edge, wait","Options expensive (IV top 10% of history) — fear priced in, wait | GEX positive — dealers providing support | Above 200MA — uptrend intact, dip is buyable"
2026-07-15,META,681.31,73.49,641.39,True,89.5,95,63.6,54.18,0.43,1.9,positive,,700.0,550.0,3,"NEUTRAL — no edge, wait","Options expensive (IV top 5% of history) — fear priced in, wait | Elevated put buying (P/C 64th pct) | GEX positive — dealers providing support | Above 200MA — uptrend intact, dip is buyable"
2026-07-15,AMZN,254.96,72.04,233.79,True,71.1,85,68.2,40.66,0.64,1.3,positive,226.74,255.0,220.0,3,"NEUTRAL — no edge, wait","Options expensive (IV top 15% of history) — fear priced in, wait | Elevated put buying (P/C 68th pct) | GEX positive — dealers providing support | Above 200MA — uptrend intact, dip is buyable"
2026-07-15,TSLA,394.46,55.76,417.61,False,60.5,24,100.0,46.9,0.73,0.19340000000000002,positive,382.15,420.0,380.0,4,"WATCH — setup building, not quite ready","Options moderately priced (IV 24th pct) | Heavy put buying (P/C top 0% of history) — extreme fear, contrarian buy | GEX positive — dealers providing support | Below 200MA — downtrend, scale in slowly"
2026-07-16,AAPL,333.26,89.86,273.82,True,98.7,61,13.0,26.58,0.66,1.6,positive,,350.0,240.0,2,"NEUTRAL — no edge, wait","GEX positive — dealers providing support | Above 200MA — uptrend intact, dip is buyable"
2026-07-16,MSFT,401.1,77.52,439.95,False,93.5,98,91.3,41.19,0.45,1.2,positive,368.57,410.0,350.0,3,"NEUTRAL — no edge, wait","Options expensive (IV top 2% of history) — fear priced in, wait | Heavy put buying (P/C top 9% of history) — extreme fear, contrarian buy | GEX positive — dealers providing support | Below 200MA — downtrend, scale in slowly"
2026-07-16,NVDA,207.4,60.35,192.29,True,68.8,22,100.0,38.63,0.81,1.2,positive,194.28,210.0,170.0,5,"WATCH — setup building, not quite ready","Options moderately priced (IV 22th pct) | Heavy put buying (P/C top 0% of history) — extreme fear, contrarian buy | GEX positive — dealers providing support | Above 200MA — uptrend intact, dip is buyable"
2026-07-16,GOOGL,354.46,56.11,321.14,True,59.7,90,4.3,40.2,0.64,0.3328,positive,338.25,410.0,340.0,2,"NEUTRAL — no edge, wait","Options expensive (IV top 10% of history) — fear priced in, wait | GEX positive — dealers providing support | Above 200MA — uptrend intact, dip is buyable"
2026-07-16,META,664.54,72.95,640.99,True,88.3,95,65.2,54.18,0.43,1.4,positive,,700.0,550.0,3,"NEUTRAL — no edge, wait","Options expensive (IV top 5% of history) — fear priced in, wait | Elevated put buying (P/C 65th pct) | GEX positive — dealers providing support | Above 200MA — uptrend intact, dip is buyable"
2026-07-16,AMZN,249.89,75.57,233.94,True,76.6,85,78.3,40.66,0.65,0.7802,positive,218.56,250.0,220.0,3,"NEUTRAL — no edge, wait","Options expensive (IV top 15% of history) — fear priced in, wait | Elevated put buying (P/C 78th pct) | GEX positive — dealers providing support | Above 200MA — uptrend intact, dip is buyable"
2026-07-16,TSLA,391.06,54.76,417.36,False,59.7,24,100.0,46.9,0.74,0.24280000000000002,positive,384.59,420.0,380.0,4,"WATCH — setup building, not quite ready","Options moderately priced (IV 24th pct) | Heavy put buying (P/C top 0% of history) — extreme fear, contrarian buy | GEX positive — dealers providing support | Below 200MA — downtrend, scale in slowly"
2026-07-17,AAPL,333.74,88.59,274.22,True,97.4,61,100.0,26.58,0.72,1.3,positive,,335.0,240.0,4,"WATCH — setup building, not quite ready","Heavy put buying (P/C top 0% of history) — extreme fear, contrarian buy | GEX positive — dealers providing support | Above 200MA — uptrend intact, dip is buyable"
2026-07-17,MSFT,393.82,63.93,439.35,False,76.9,98,91.7,41.19,0.45,0.8244,positive,343.8,395.0,350.0,3,"NEUTRAL — no edge, wait","Options expensive (IV top 2% of history) — fear priced in, wait | Heavy put buying (P/C top 8% of history) — extreme fear, contrarian buy | GEX positive — dealers providing support | Below 200MA — downtrend, scale in slowly"
2026-07-17,NVDA,202.81,58.91,192.4,True,65.4,22,100.0,38.63,0.82,0.577,positive,184.54,220.0,170.0,5,"WATCH — setup building, not quite ready","Options moderately priced (IV 22th pct) | Heavy put buying (P/C top 0% of history) — extreme fear, contrarian buy | GEX positive — dealers providing support | Above 200MA — uptrend intact, dip is buyable"
2026-07-17,GOOGL,346.77,55.25,321.66,True,57.7,90,50.0,40.2,0.68,0.0883,positive,314.89,410.0,345.0,2,"NEUTRAL — no edge, wait","Options expensive (IV top 10% of history) — fear priced in, wait | GEX positive — dealers providing support | Above 200MA — uptrend intact, dip is buyable"
2026-07-17,META,646.01,67.33,640.51,True,82.1,95,25.0,54.18,0.42,1.0,positive,,700.0,550.0,2,"NEUTRAL — no edge, wait","Options expensive (IV top 5% of history) — fear priced in, wait | GEX positive — dealers providing support | Above 200MA — uptrend intact, dip is buyable"
2026-07-17,AMZN,247.23,67.43,234.06,True,66.7,85,87.5,40.66,0.67,0.6822,positive,216.15,247.5,220.0,4,"WATCH — setup building, not quite ready","Options expensive (IV top 15% of history) — fear priced in, wait | Heavy put buying (P/C top 12% of history) — extreme fear, contrarian buy | GEX positive — dealers providing support | Above 200MA — uptrend intact, dip is buyable"
2026-07-17,TSLA,380.84,50.33,417.05,False,48.7,24,79.2,46.9,0.71,-0.5248999999999999,negative,373.96,420.0,350.0,3,"NEUTRAL — no edge, wait","Options moderately priced (IV 24th pct) | Elevated put buying (P/C 79th pct) | GEX negative — unstable, watch for stabilization | Below 200MA — downtrend, scale in slowly"
2026-07-20,AAPL,326.59,82.1,274.58,True,87.3,91,100.0,32.45,0.74,0.7794,positive,,350.0,315.0,4,"WATCH — setup building, not quite ready","Options expensive (IV top 9% of history) — fear priced in, wait | Heavy put buying (P/C top 0% of history) — extreme fear, contrarian buy | GEX positive — dealers providing support | Above 200MA — uptrend intact, dip is buyable"
2026-07-20,MSFT,402.29,71.37,438.77,False,83.5,100,92.0,47.37,0.45,1.1,positive,355.4,402.5,350.0,3,"NEUTRAL — no edge, wait","Options expensive (IV top 0% of history) — fear priced in, wait | Heavy put buying (P/C top 8% of history) — extreme fear, contrarian buy | GEX positive — dealers providing support | Below 200MA — downtrend, scale in slowly"
2026-07-20,NVDA,203.28,57.45,192.48,True,59.5,36,72.0,41.9,0.79,0.775,positive,188.01,210.0,180.0,4,"WATCH — setup building, not quite ready","Options moderately priced (IV 36th pct) | Elevated put buying (P/C 72th pct) | GEX positive — dealers providing support | Above 200MA — uptrend intact, dip is buyable"
2026-07-20,GOOGL,351.99,48.94,322.2,True,45.6,94,52.0,43.56,0.68,0.2898,positive,321.32,410.0,320.0,2,"NEUTRAL — no edge, wait","Options expensive (IV top 6% of history) — fear priced in, wait | GEX positive — dealers providing support | Above 200MA — uptrend intact, dip is buyable"
2026-07-20,META,645.85,65.76,640.06,True,78.5,97,68.0,58.65,0.43,1.1,positive,,700.0,550.0,3,"NEUTRAL — no edge, wait","Options expensive (IV top 3% of history) — fear priced in, wait | Elevated put buying (P/C 68th pct) | GEX positive — dealers providing support | Above 200MA — uptrend intact, dip is buyable"
2026-07-20,AMZN,249.99,63.3,234.21,True,63.3,89,88.0,44.6,0.67,0.6022000000000001,positive,218.41,250.0,220.0,4,"WATCH — setup building, not quite ready","Options expensive (IV top 11% of history) — fear priced in, wait | Heavy put buying (P/C top 12% of history) — extreme fear, contrarian buy | GEX positive — dealers providing support | Above 200MA — uptrend intact, dip is buyable"
2026-07-20,TSLA,369.57,36.1,416.67,False,11.4,43,100.0,51.84,0.76,-0.1011,negative,365.52,420.0,370.0,5,"WATCH — setup building, not quite ready","RSI very oversold (bottom 11% of own history) | Heavy put buying (P/C top 0% of history) — extreme fear, contrarian buy | GEX negative — unstable, watch for stabilization | Below 200MA — downtrend, scale in slowly"
2026-07-21,AAPL,327.74,80.28,274.94,True,82.5,91,96.2,32.45,0.73,1.0,positive,,350.0,315.0,4,"WATCH — setup building, not quite ready","Options expensive (IV top 9% of history) — fear priced in, wait | Heavy put buying (P/C top 4% of history) — extreme fear, contrarian buy | GEX positive — dealers providing support | Above 200MA — uptrend intact, dip is buyable"
2026-07-21,MSFT,397.75,65.65,438.16,False,77.5,100,100.0,47.37,0.46,0.8086,positive,358.29,450.0,350.0,3,"NEUTRAL — no edge, wait","Options expensive (IV top 0% of history) — fear priced in, wait | Heavy put buying (P/C top 0% of history) — extreme fear, contrarian buy | GEX positive — dealers providing support | Below 200MA — downtrend, scale in slowly"
2026-07-21,NVDA,207.29,56.59,192.58,True,58.8,36,73.1,41.9,0.79,1.1,positive,194.61,210.0,180.0,4,"WATCH — setup building, not quite ready","Options moderately priced (IV 36th pct) | Elevated put buying (P/C 73th pct) | GEX positive — dealers providing support | Above 200MA — uptrend intact, dip is buyable"
2026-07-21,GOOGL,347.15,43.56,322.71,True,33.8,94,53.8,43.56,0.68,0.2646,positive,321.92,410.0,320.0,3,"NEUTRAL — no edge, wait","RSI oversold (bottom 34% of own history) | Options expensive (IV top 6% of history) — fear priced in, wait | GEX positive — dealers providing support | Above 200MA — uptrend intact, dip is buyable"
2026-07-21,META,643.81,65.17,639.7,True,76.2,97,69.2,58.65,0.43,0.9755,positive,,750.0,550.0,3,"NEUTRAL — no edge, wait","Options expensive (IV top 3% of history) — fear priced in, wait | Elevated put buying (P/C 69th pct) | GEX positive — dealers providing support | Above 200MA — uptrend intact, dip is buyable"
2026-07-21,AMZN,247.55,62.22,234.35,True,61.3,89,76.9,44.6,0.66,0.5282,positive,220.37,260.0,220.0,3,"NEUTRAL — no edge, wait","Options expensive (IV top 11% of history) — fear priced in, wait | Elevated put buying (P/C 77th pct) | GEX positive — dealers providing support | Above 200MA — uptrend intact, dip is buyable"
2026-07-21,TSLA,378.93,36.35,416.27,False,12.5,43,96.2,51.84,0.75,0.1565,positive,365.22,420.0,350.0,5,"WATCH — setup building, not quite ready","RSI very oversold (bottom 12% of own history) | Heavy put buying (P/C top 4% of history) — extreme fear, contrarian buy | GEX positive — dealers providing support | Below 200MA — downtrend, scale in slowly"
2026-07-22,AAPL,325.89,76.17,275.28,True,77.8,91,96.3,32.45,0.73,1.0,positive,,330.0,315.0,4,"WATCH — setup building, not quite ready","Options expensive (IV top 9% of history) — fear priced in, wait | Heavy put buying (P/C top 4% of history) — extreme fear, contrarian buy | GEX positive — dealers providing support | Above 200MA — uptrend intact, dip is buyable"
2026-07-22,MSFT,390.34,54.03,437.53,False,63.0,100,100.0,47.37,0.46,0.5096,positive,359.06,450.0,350.0,3,"NEUTRAL — no edge, wait","Options expensive (IV top 0% of history) — fear priced in, wait | Heavy put buying (P/C top 0% of history) — extreme fear, contrarian buy | GEX positive — dealers providing support | Below 200MA — downtrend, scale in slowly"
2026-07-22,NVDA,212.06,62.72,192.69,True,74.1,36,74.1,41.9,0.79,1.9,positive,193.2,212.5,180.0,4,"WATCH — setup building, not quite ready","Options moderately priced (IV 36th pct) | Elevated put buying (P/C 74th pct) | GEX positive — dealers providing support | Above 200MA — uptrend intact, dip is buyable"
2026-07-22,GOOGL,342.09,38.14,323.19,True,22.2,94,33.3,43.56,0.67,0.21159999999999998,positive,331.45,410.0,320.0,3,"NEUTRAL — no edge, wait","RSI oversold (bottom 22% of own history) | Options expensive (IV top 6% of history) — fear priced in, wait | GEX positive — dealers providing support | Above 200MA — uptrend intact, dip is buyable"
2026-07-22,META,627.17,53.07,639.2,False,58.0,97,70.4,58.65,0.43,0.7009,positive,,750.0,550.0,2,"NEUTRAL — no edge, wait","Options expensive (IV top 3% of history) — fear priced in, wait | Elevated put buying (P/C 70th pct) | GEX positive — dealers providing support | Below 200MA — downtrend, scale in slowly"
2026-07-22,AMZN,244.85,54.26,234.46,True,55.6,89,70.4,44.6,0.65,0.4636,positive,224.77,250.0,230.0,3,"NEUTRAL — no edge, wait","Options expensive (IV top 11% of history) — fear priced in, wait | Elevated put buying (P/C 70th pct) | GEX positive — dealers providing support | Above 200MA — uptrend intact, dip is buyable"
2026-07-22,TSLA,374.01,33.23,415.96,False,4.9,43,100.0,51.84,0.76,0.13040000000000002,positive,367.39,420.0,350.0,6,"BUY — oversold, good loading zone","RSI extremely oversold (bottom 5% of own history) | Heavy put buying (P/C top 0% of history) — extreme fear, contrarian buy | GEX positive — dealers providing support | Below 200MA — downtrend, scale in slowly"
2026-07-23,AAPL,321.66,62.98,275.6,True,47.6,91,85.7,32.45,0.71,0.8307,positive,,350.0,315.0,4,"WATCH — setup building, not quite ready","Options expensive (IV top 9% of history) — fear priced in, wait | Heavy put buying (P/C top 14% of history) — extreme fear, contrarian buy | GEX positive — dealers providing support | Above 200MA — uptrend intact, dip is buyable"
2026-07-23,MSFT,381.58,44.27,436.85,False,36.6,100,100.0,47.37,0.46,0.3434,positive,359.3,450.0,350.0,3,"NEUTRAL — no edge, wait","Options expensive (IV top 0% of history) — fear priced in, wait | Heavy put buying (P/C top 0% of history) — extreme fear, contrarian buy | GEX positive — dealers providing support | Below 200MA — downtrend, scale in slowly"
2026-07-23,NVDA,208.76,62.12,192.8,True,70.7,36,50.0,41.9,0.78,1.1,positive,195.57,210.0,205.0,3,"NEUTRAL — no edge, wait","Options moderately priced (IV 36th pct) | GEX positive — dealers providing support | Above 200MA — uptrend intact, dip is buyable"
2026-07-23,GOOGL,317.69,29.65,323.56,False,7.3,94,71.4,43.56,0.69,-0.24359999999999998,negative,332.39,410.0,310.0,5,"WATCH — setup building, not quite ready","RSI extremely oversold (bottom 7% of own history) | Options expensive (IV top 6% of history) — fear priced in, wait | Elevated put buying (P/C 71th pct) | GEX negative — unstable, watch for stabilization | Below 200MA — downtrend, scale in slowly"
2026-07-23,META,606.1,55.19,638.67,False,65.9,97,71.4,58.65,0.43,0.5333,positive,,750.0,550.0,2,"NEUTRAL — no edge, wait","Options expensive (IV top 3% of history) — fear priced in, wait | Elevated put buying (P/C 71th pct) | GEX positive — dealers providing support | Below 200MA — downtrend, scale in slowly"
2026-07-23,AMZN,233.66,40.46,234.53,False,25.6,89,57.1,44.6,0.64,0.14959999999999998,positive,220.89,260.0,230.0,2,"NEUTRAL — no edge, wait","RSI oversold (bottom 26% of own history) | Options expensive (IV top 11% of history) — fear priced in, wait | GEX positive — dealers providing support | Below 200MA — downtrend, scale in slowly"
2026-07-23,TSLA,319.69,28.97,415.41,False,1.2,43,92.9,51.84,0.75,-0.3506,negative,357.4,500.0,320.0,6,"BUY — oversold, good loading zone","RSI extremely oversold (bottom 1% of own history) | Heavy put buying (P/C top 7% of history) — extreme fear, contrarian buy | GEX negative — unstable, watch for stabilization | Below 200MA — downtrend, scale in slowly"
2026-07-24,AAPL,333.02,67.7,275.98,True,67.5,91,79.3,32.45,0.69,1.9,positive,,335.0,315.0,3,"NEUTRAL — no edge, wait","Options expensive (IV top 9% of history) — fear priced in, wait | Elevated put buying (P/C 79th pct) | GEX positive — dealers providing support | Above 200MA — uptrend intact, dip is buyable"
2026-07-24,MSFT,381.7,46.6,436.12,False,45.8,100,100.0,47.37,0.46,0.4878,positive,350.43,450.0,350.0,3,"NEUTRAL — no edge, wait","Options expensive (IV top 0% of history) — fear priced in, wait | Heavy put buying (P/C top 0% of history) — extreme fear, contrarian buy | GEX positive — dealers providing support | Below 200MA — downtrend, scale in slowly"
2026-07-24,NVDA,206.84,59.62,192.91,True,65.1,36,96.6,41.9,0.81,0.857,positive,185.53,207.5,205.0,5,"WATCH — setup building, not quite ready","Options moderately priced (IV 36th pct) | Heavy put buying (P/C top 3% of history) — extreme fear, contrarian buy | GEX positive — dealers providing support | Above 200MA — uptrend intact, dip is buyable"
2026-07-24,GOOGL,319.74,26.46,323.9,False,3.6,94,34.5,43.56,0.67,0.0149,positive,318.72,410.0,320.0,4,"WATCH — setup building, not quite ready","RSI extremely oversold (bottom 4% of own history) | Options expensive (IV top 6% of history) — fear priced in, wait | GEX positive — dealers providing support | Below 200MA — downtrend, scale in slowly"
2026-07-24,META,595.19,48.82,638.07,False,49.4,97,100.0,58.65,0.47,0.4521,positive,,750.0,595.0,3,"NEUTRAL — no edge, wait","Options expensive (IV top 3% of history) — fear priced in, wait | Heavy put buying (P/C top 0% of history) — extreme fear, contrarian buy | GEX positive — dealers providing support | Below 200MA — downtrend, scale in slowly"
2026-07-24,AMZN,232.11,37.26,234.59,False,20.5,89,89.7,44.6,0.67,0.045200000000000004,positive,218.62,260.0,230.0,4,"WATCH — setup building, not quite ready","RSI oversold (bottom 20% of own history) | Options expensive (IV top 11% of history) — fear priced in, wait | Heavy put buying (P/C top 10% of history) — extreme fear, contrarian buy | GEX positive — dealers providing support | Below 200MA — downtrend, scale in slowly"
2026-07-24,TSLA,313.03,15.72,414.71,False,1.2,43,72.4,51.84,0.72,-0.18619999999999998,negative,321.12,500.0,310.0,5,"WATCH — setup building, not quite ready","RSI extremely oversold (bottom 1% of own history) | Elevated put buying (P/C 72th pct) | GEX negative — unstable, watch for stabilization | Below 200MA — downtrend, scale in slowly"
2026-07-27,AAPL,336.91,72.09,276.38,True,73.8,87,86.7,31.27,0.71,1.2,positive,,350.0,315.0,4,"WATCH — setup building, not quite ready","Options expensive (IV top 13% of history) — fear priced in, wait | Heavy put buying (P/C top 13% of history) — extreme fear, contrarian buy | GEX positive — dealers providing support | Above 200MA — uptrend intact, dip is buyable"
2026-07-27,MSFT,389.1,50.16,435.45,False,57.1,99,80.0,47.6,0.45,0.7461,positive,350.92,390.0,350.0,3,"NEUTRAL — no edge, wait","Options expensive (IV top 1% of history) — fear priced in, wait | Heavy put buying (P/C top 20% of history) — extreme fear, contrarian buy | GEX positive — dealers providing support | Below 200MA — downtrend, scale in slowly"
2026-07-27,NVDA,196.51,49.69,192.96,True,41.7,27,73.3,39.52,0.79,0.21580000000000002,positive,187.88,220.0,190.0,4,"WATCH — setup building, not quite ready","Options moderately priced (IV 27th pct) | Elevated put buying (P/C 73th pct) | GEX positive — dealers providing support | Above 200MA — uptrend intact, dip is buyable"
2026-07-27,GOOGL,326.56,30.81,324.31,True,14.3,49,30.0,31.19,0.66,0.2281,positive,316.25,350.0,310.0,4,"WATCH — setup building, not quite ready","RSI very oversold (bottom 14% of own history) | GEX positive — dealers providing support | Above 200MA — uptrend intact, dip is buyable"
2026-07-27,META,593.87,44.65,637.48,False,44.0,95,76.7,55.67,0.44,0.5306000000000001,positive,508.25,750.0,550.0,2,"NEUTRAL — no edge, wait","Options expensive (IV top 5% of history) — fear priced in, wait | Elevated put buying (P/C 77th pct) | GEX positive — dealers providing support | Below 200MA — downtrend, scale in slowly"
2026-07-27,AMZN,231.39,36.7,234.58,False,19.0,88,76.7,44.52,0.66,0.2508,positive,217.88,250.0,220.0,4,"WATCH — setup building, not quite ready","RSI very oversold (bottom 19% of own history) | Options expensive (IV top 12% of history) — fear priced in, wait | Elevated put buying (P/C 77th pct) | GEX positive — dealers providing support | Below 200MA — downtrend, scale in slowly"
2026-07-27,TSLA,309.22,17.16,414.09,False,2.4,35,36.7,49.84,0.69,-0.1404,negative,314.34,500.0,300.0,5,"WATCH — setup building, not quite ready","RSI extremely oversold (bottom 2% of own history) | Options moderately priced (IV 35th pct) | GEX negative — unstable, watch for stabilization | Below 200MA — downtrend, scale in slowly"
2026-07-28,AAPL,340.08,72.3,276.79,True,74.1,87,90.3,31.27,0.72,1.3,positive,,350.0,315.0,4,"WATCH — setup building, not quite ready","Options expensive (IV top 13% of history) — fear priced in, wait | Heavy put buying (P/C top 10% of history) — extreme fear, contrarian buy | GEX positive — dealers providing support | Above 200MA — uptrend intact, dip is buyable"
2026-07-28,MSFT,393.35,56.41,434.79,False,68.2,99,80.6,47.6,0.45,0.744,positive,352.24,450.0,350.0,3,"NEUTRAL — no edge, wait","Options expensive (IV top 1% of history) — fear priced in, wait | Heavy put buying (P/C top 19% of history) — extreme fear, contrarian buy | GEX positive — dealers providing support | Below 200MA — downtrend, scale in slowly"
2026-07-28,NVDA,197.01,44.16,193.0,True,29.4,27,12.9,39.52,0.77,0.5209,positive,189.46,220.0,190.0,4,"WATCH — setup building, not quite ready","RSI oversold (bottom 29% of own history) | Options moderately priced (IV 27th pct) | GEX positive — dealers providing support | Above 200MA — uptrend intact, dip is buyable"
2026-07-28,GOOGL,333.71,36.88,324.75,True,23.5,49,32.3,31.19,0.66,0.3871,positive,318.69,335.0,320.0,3,"NEUTRAL — no edge, wait","RSI oversold (bottom 24% of own history) | GEX positive — dealers providing support | Above 200MA — uptrend intact, dip is buyable"
2026-07-28,META,593.41,47.46,636.85,False,49.4,95,83.9,55.67,0.45,0.532,positive,511.05,750.0,550.0,3,"NEUTRAL — no edge, wait","Options expensive (IV top 5% of history) — fear priced in, wait | Heavy put buying (P/C top 16% of history) — extreme fear, contrarian buy | GEX positive — dealers providing support | Below 200MA — downtrend, scale in slowly"
2026-07-28,AMZN,230.86,35.62,234.66,False,17.6,88,77.4,44.52,0.66,0.2366,positive,218.32,250.0,220.0,4,"WATCH — setup building, not quite ready","RSI very oversold (bottom 18% of own history) | Options expensive (IV top 12% of history) — fear priced in, wait | Elevated put buying (P/C 77th pct) | GEX positive — dealers providing support | Below 200MA — downtrend, scale in slowly"
2026-07-28,TSLA,307.44,18.06,413.43,False,3.5,35,38.7,49.84,0.69,-0.10890000000000001,negative,313.34,315.0,300.0,5,"WATCH — setup building, not quite ready","RSI extremely oversold (bottom 4% of own history) | Options moderately priced (IV 35th pct) | GEX negative — unstable, watch for stabilization | Below 200MA — downtrend, scale in slowly"
2026-07-29,AAPL,338.19,68.65,277.21,True,66.3,87,90.6,31.27,0.72,1.3,positive,294.13,350.0,315.0,4,"WATCH — setup building, not quite ready","Options expensive (IV top 13% of history) — fear priced in, wait | Heavy put buying (P/C top 9% of history) — extreme fear, contrarian buy | GEX positive — dealers providing support | Above 200MA — uptrend intact, dip is buyable"
2026-07-29,MSFT,390.54,53.87,434.13,False,60.5,99,81.2,47.6,0.45,0.7881,positive,357.11,450.0,350.0,3,"NEUTRAL — no edge, wait","Options expensive (IV top 1% of history) — fear priced in, wait | Heavy put buying (P/C top 19% of history) — extreme fear, contrarian buy | GEX positive — dealers providing support | Below 200MA — downtrend, scale in slowly"
2026-07-29,NVDA,190.01,40.41,192.99,False,18.6,27,96.9,39.52,0.81,-0.1017,negative,189.76,220.0,190.0,6,"BUY — oversold, good loading zone","RSI very oversold (bottom 19% of own history) | Options moderately priced (IV 27th pct) | Heavy put buying (P/C top 3% of history) — extreme fear, contrarian buy | GEX negative — unstable, watch for stabilization | Below 200MA — downtrend, scale in slowly"
2026-07-29,GOOGL,336.71,39.68,325.23,True,26.7,49,96.9,31.19,0.72,0.22219999999999998,positive,322.16,350.0,320.0,5,"WATCH — setup building, not quite ready","RSI oversold (bottom 27% of own history) | Heavy put buying (P/C top 3% of history) — extreme fear, contrarian buy | GEX positive — dealers providing support | Above 200MA — uptrend intact, dip is buyable"
2026-07-29,META,585.61,36.55,636.11,False,27.9,95,100.0,55.67,0.47,0.1579,positive,,750.0,500.0,4,"WATCH — setup building, not quite ready","RSI oversold (bottom 28% of own history) | Options expensive (IV top 5% of history) — fear priced in, wait | Heavy put buying (P/C top 0% of history) — extreme fear, contrarian buy | GEX positive — dealers providing support | Below 200MA — downtrend, scale in slowly"
2026-07-29,AMZN,226.65,27.42,234.66,False,5.8,88,90.6,44.52,0.67,0.12190000000000001,positive,216.82,250.0,225.0,6,"BUY — oversold, good loading zone","RSI extremely oversold (bottom 6% of own history) | Options expensive (IV top 12% of history) — fear priced in, wait | Heavy put buying (P/C top 9% of history) — extreme fear, contrarian buy | GEX positive — dealers providing support | Below 200MA — downtrend, scale in slowly"
2026-07-29,TSLA,298.32,9.07,412.75,False,1.2,35,100.0,49.84,0.76,-0.224,negative,308.14,500.0,295.0,7,"BUY — oversold, good loading zone","RSI extremely oversold (bottom 1% of own history) | Options moderately priced (IV 35th pct) | Heavy put buying (P/C top 0% of history) — extreme fear, contrarian buy | GEX negative — unstable, watch for stabilization | Below 200MA — downtrend, scale in slowly"
2026-07-30,AAPL,333.43,64.43,277.65,True,54.0,87,100.0,31.27,0.79,0.4161,positive,313.47,350.0,240.0,4,"WATCH — setup building, not quite ready","Options expensive (IV top 13% of history) — fear priced in, wait | Heavy put buying (P/C top 0% of history) — extreme fear, contrarian buy | GEX positive — dealers providing support | Above 200MA — uptrend intact, dip is buyable"
2026-07-30,MSFT,451.1,73.62,433.83,True,87.4,99,100.0,47.6,0.48,1.9,positive,,450.0,350.0,4,"WATCH — setup building, not quite ready","Options expensive (IV top 1% of history) — fear priced in, wait | Heavy put buying (P/C top 0% of history) — extreme fear, contrarian buy | GEX positive — dealers providing support | Above 200MA — uptrend intact, dip is buyable"
2026-07-30,NVDA,195.04,37.45,193.05,True,9.2,27,48.5,39.52,0.78,0.5785,positive,189.89,200.0,190.0,6,"BUY — oversold, good loading zone","RSI extremely oversold (bottom 9% of own history) | Options moderately priced (IV 27th pct) | GEX positive — dealers providing support | Above 200MA — uptrend intact, dip is buyable"
2026-07-30,GOOGL,333.66,39.19,325.71,True,26.4,49,57.6,31.19,0.68,0.3822,positive,321.95,335.0,320.0,3,"NEUTRAL — no edge, wait","RSI oversold (bottom 26% of own history) | GEX positive — dealers providing support | Above 200MA — uptrend intact, dip is buyable"
2026-07-30,META,539.03,13.71,635.28,False,1.1,95,100.0,55.67,0.48,-0.0627,negative,553.24,750.0,500.0,6,"BUY — oversold, good loading zone","RSI extremely oversold (bottom 1% of own history) | Options expensive (IV top 5% of history) — fear priced in, wait | Heavy put buying (P/C top 0% of history) — extreme fear, contrarian buy | GEX negative — unstable, watch for stabilization | Below 200MA — downtrend, scale in slowly"
2026-07-30,AMZN,235.5,40.59,234.75,True,29.9,88,75.8,44.52,0.66,0.9038999999999999,positive,229.44,260.0,220.0,4,"WATCH — setup building, not quite ready","RSI oversold (bottom 30% of own history) | Options expensive (IV top 12% of history) — fear priced in, wait | Elevated put buying (P/C 76th pct) | GEX positive — dealers providing support | Above 200MA — uptrend intact, dip is buyable"
2026-07-30,TSLA,308.85,15.06,412.22,False,2.3,35,21.2,49.84,0.68,0.0438,positive,307.31,315.0,300.0,5,"WATCH — setup building, not quite ready","RSI extremely oversold (bottom 2% of own history) | Options moderately priced (IV 35th pct) | GEX positive — dealers providing support | Below 200MA — downtrend, scale in slowly"
2026-07-31,AAPL,308.91,45.08,277.96,True,20.5,87,97.1,31.27,0.77,0.0451,positive,275.5,350.0,307.5,5,"WATCH — setup building, not quite ready","RSI oversold (bottom 20% of own history) | Options expensive (IV top 13% of history) — fear priced in, wait | Heavy put buying (P/C top 3% of history) — extreme fear, contrarian buy | GEX positive — dealers providing support | Above 200MA — uptrend intact, dip is buyable"
2026-07-31,MSFT,464.72,75.0,433.58,True,88.6,99,100.0,47.6,0.48,1.9,positive,,500.0,350.0,4,"WATCH — setup building, not quite ready","Options expensive (IV top 1% of history) — fear priced in, wait | Heavy put buying (P/C top 0% of history) — extreme fear, contrarian buy | GEX positive — dealers providing support | Above 200MA — uptrend intact, dip is buyable"
2026-07-31,NVDA,200.75,47.75,193.11,True,40.9,27,100.0,39.52,0.82,1.1,positive,186.29,200.0,180.0,5,"WATCH — setup building, not quite ready","Options moderately priced (IV 27th pct) | Heavy put buying (P/C top 0% of history) — extreme fear, contrarian buy | GEX positive — dealers providing support | Above 200MA — uptrend intact, dip is buyable"
2026-07-31,GOOGL,356.13,51.43,326.27,True,55.7,49,97.1,31.19,0.72,0.5276000000000001,positive,321.53,375.0,320.0,4,"WATCH — setup building, not quite ready","Heavy put buying (P/C top 3% of history) — extreme fear, contrarian buy | GEX positive — dealers providing support | Above 200MA — uptrend intact, dip is buyable"
2026-07-31,META,556.71,22.9,634.49,False,3.4,95,79.4,55.67,0.45,0.39089999999999997,positive,514.36,750.0,550.0,5,"WATCH — setup building, not quite ready","RSI extremely oversold (bottom 3% of own history) | Options expensive (IV top 5% of history) — fear priced in, wait | Elevated put buying (P/C 79th pct) | GEX positive — dealers providing support | Below 200MA — downtrend, scale in slowly"
2026-07-31,AMZN,271.58,64.04,235.01,True,67.0,88,94.1,44.52,0.68,3.6,strongly_positive,,275.0,220.0,5,"WATCH — setup building, not quite ready","Options expensive (IV top 12% of history) — fear priced in, wait | Heavy put buying (P/C top 6% of history) — extreme fear, contrarian buy | GEX strongly positive — dealers stabilizing, dip buyers have tailwind | Above 200MA — uptrend intact, dip is buyable"
2026-07-31,TSLA,311.21,18.08,411.6,False,6.8,35,82.4,49.84,0.73,0.1013,positive,308.29,310.0,300.0,7,"BUY — oversold, good loading zone","RSI extremely oversold (bottom 7% of own history) | Options moderately priced (IV 35th pct) | Heavy put buying (P/C top 18% of history) — extreme fear, contrarian buy | GEX positive — dealers providing support | Below 200MA — downtrend, scale in slowly"
2026-08-03,AAPL,303.42,43.53,278.24,True,20.2,72,51.4,28.16,0.68,0.6227,positive,276.4,320.0,280.0,3,"NEUTRAL — no edge, wait","RSI oversold (bottom 20% of own history) | GEX positive — dealers providing support | Above 200MA — uptrend intact, dip is buyable"
2026-08-03,MSFT,487.65,81.26,433.45,True,94.4,82,100.0,31.64,0.51,1.9,positive,,500.0,350.0,4,"WATCH — setup building, not quite ready","Options expensive (IV top 18% of history) — fear priced in, wait | Heavy put buying (P/C top 0% of history) — extreme fear, contrarian buy | GEX positive — dealers providing support | Above 200MA — uptrend intact, dip is buyable"
2026-08-03,NVDA,206.64,45.65,193.25,True,33.7,26,100.0,39.36,0.83,1.2,positive,187.65,210.0,185.0,6,"BUY — oversold, good loading zone","RSI oversold (bottom 34% of own history) | Options moderately priced (IV 26th pct) | Heavy put buying (P/C top 0% of history) — extreme fear, contrarian buy | GEX positive — dealers providing support | Above 200MA — uptrend intact, dip is buyable"
2026-08-03,GOOGL,373.51,55.11,326.91,True,61.8,68,97.1,33.68,0.72,0.6304,positive,324.03,375.0,320.0,4,"WATCH — setup building, not quite ready","Heavy put buying (P/C top 3% of history) — extreme fear, contrarian buy | GEX positive — dealers providing support | Above 200MA — uptrend intact, dip is buyable"
2026-08-03,META,590.24,33.44,633.9,False,20.2,76,68.6,39.87,0.44,0.8496,positive,515.47,750.0,550.0,3,"NEUTRAL — no edge, wait","RSI oversold (bottom 20% of own history) | Elevated put buying (P/C 69th pct) | GEX positive — dealers providing support | Below 200MA — downtrend, scale in slowly"
2026-08-03,AMZN,284.02,68.51,235.35,True,71.9,63,97.1,33.38,0.69,1.1,positive,,300.0,220.0,4,"WATCH — setup building, not quite ready","Heavy put buying (P/C top 3% of history) — extreme fear, contrarian buy | GEX positive — dealers providing support | Above 200MA — uptrend intact, dip is buyable"
2026-08-03,TSLA,322.08,23.6,411.06,False,7.9,19,65.7,46.14,0.71,0.26330000000000003,positive,308.63,330.0,300.0,7,"BUY — oversold, good loading zone","RSI extremely oversold (bottom 8% of own history) | Options cheap (IV bottom 19% of own history) — good entry cost | Elevated put buying (P/C 66th pct) | GEX positive — dealers providing support | Below 200MA — downtrend, scale in slowly"
2026-08-04,AAPL,309.38,38.91,278.54,True,10.0,72,22.2,28.16,0.67,1.1,positive,279.43,320.0,300.0,5,"WATCH — setup building, not quite ready","RSI extremely oversold (bottom 10% of own history) | GEX positive — dealers providing support | Above 200MA — uptrend intact, dip is buyable"
2026-08-04,MSFT,492.81,80.6,433.35,True,93.3,82,97.2,31.64,0.48,2.0,positive,,500.0,350.0,4,"WATCH — setup building, not quite ready","Options expensive (IV top 18% of history) — fear priced in, wait | Heavy put buying (P/C top 3% of history) — extreme fear, contrarian buy | GEX positive — dealers providing support | Above 200MA — uptrend intact, dip is buyable"
2026-08-04,NVDA,211.94,49.56,193.41,True,44.4,26,69.4,39.36,0.79,1.5,positive,195.5,220.0,170.0,4,"WATCH — setup building, not quite ready","Options moderately priced (IV 26th pct) | Elevated put buying (P/C 69th pct) | GEX positive — dealers providing support | Above 200MA — uptrend intact, dip is buyable"
2026-08-04,GOOGL,377.65,52.59,327.55,True,57.8,68,97.2,33.68,0.72,0.7241000000000001,positive,325.79,400.0,320.0,4,"WATCH — setup building, not quite ready","Heavy put buying (P/C top 3% of history) — extreme fear, contrarian buy | GEX positive — dealers providing support | Above 200MA — uptrend intact, dip is buyable"
2026-08-04,META,587.94,26.16,633.25,False,10.0,76,80.6,39.87,0.45,0.6961,positive,521.76,750.0,550.0,6,"BUY — oversold, good loading zone","RSI extremely oversold (bottom 10% of own history) | Heavy put buying (P/C top 19% of history) — extreme fear, contrarian buy | GEX positive — dealers providing support | Below 200MA — downtrend, scale in slowly"
2026-08-04,AMZN,277.42,61.48,235.66,True,62.2,63,91.7,33.38,0.68,1.0,positive,,280.0,220.0,4,"WATCH — setup building, not quite ready","Heavy put buying (P/C top 8% of history) — extreme fear, contrarian buy | GEX positive — dealers providing support | Above 200MA — uptrend intact, dip is buyable"
2026-08-04,TSLA,327.35,26.68,410.52,False,8.9,19,91.7,46.14,0.75,0.23,positive,313.59,330.0,300.0,8,STRONG BUY — macro dip on intact name,"RSI extremely oversold (bottom 9% of own history) | Options cheap (IV bottom 19% of own history) — good entry cost | Heavy put buying (P/C top 8% of history) — extreme fear, contrarian buy | GEX positive — dealers providing support | Below 200MA — downtrend, scale in slowly"
2026-08-05,AAPL,311.0,35.64,278.86,True,8.8,72,5.4,28.16,0.65,1.4,positive,286.15,320.0,240.0,5,"WATCH — setup building, not quite ready","RSI extremely oversold (bottom 9% of own history) | GEX positive — dealers providing support | Above 200MA — uptrend intact, dip is buyable"
2026-08-05,MSFT,487.46,77.22,433.23,True,91.2,82,100.0,31.64,0.52,1.7,positive,,500.0,485.0,4,"WATCH — setup building, not quite ready","Options expensive (IV top 18% of history) — fear priced in, wait | Heavy put buying (P/C top 0% of history) — extreme fear, contrarian buy | GEX positive — dealers providing support | Above 200MA — uptrend intact, dip is buyable"
2026-08-05,NVDA,219.22,58.94,193.59,True,67.0,26,45.9,39.36,0.78,3.7,strongly_positive,186.75,220.0,170.0,4,"WATCH — setup building, not quite ready","Options moderately priced (IV 26th pct) | GEX strongly positive — dealers stabilizing, dip buyers have tailwind | Above 200MA — uptrend intact, dip is buyable"
2026-08-05,GOOGL,362.43,53.1,328.1,True,60.4,68,67.6,33.68,0.69,0.5291,positive,323.78,375.0,320.0,3,"NEUTRAL — no edge, wait","Elevated put buying (P/C 68th pct) | GEX positive — dealers providing support | Above 200MA — uptrend intact, dip is buyable"
2026-08-05,META,588.77,28.94,632.63,False,16.5,76,2.7,39.87,0.4,0.9681000000000001,positive,520.69,750.0,550.0,3,"NEUTRAL — no edge, wait","RSI very oversold (bottom 16% of own history) | GEX positive — dealers providing support | Below 200MA — downtrend, scale in slowly"
2026-08-05,AMZN,272.65,61.67,235.95,True,62.6,63,83.8,33.38,0.67,0.9506,positive,,280.0,220.0,4,"WATCH — setup building, not quite ready","Heavy put buying (P/C top 16% of history) — extreme fear, contrarian buy | GEX positive — dealers providing support | Above 200MA — uptrend intact, dip is buyable"
2026-08-05,TSLA,321.55,26.24,409.99,False,8.8,19,37.8,46.14,0.69,0.2582,positive,310.86,330.0,300.0,6,"BUY — oversold, good loading zone","RSI extremely oversold (bottom 9% of own history) | Options cheap (IV bottom 19% of own history) — good entry cost | GEX positive — dealers providing support | Below 200MA — downtrend, scale in slowly"
2026-08-06,AAPL,312.41,36.41,279.16,True,9.8,72,86.8,28.16,0.72,1.3,positive,283.12,320.0,240.0,7,"BUY — oversold, good loading zone","RSI extremely oversold (bottom 10% of own history) | Heavy put buying (P/C top 13% of history) — extreme fear, contrarian buy | GEX positive — dealers providing support | Above 200MA — uptrend intact, dip is buyable"
2026-08-06,MSFT,499.86,82.37,433.16,True,94.6,82,100.0,31.64,0.54,1.9,positive,,500.0,350.0,4,"WATCH — setup building, not quite ready","Options expensive (IV top 18% of history) — fear priced in, wait | Heavy put buying (P/C top 0% of history) — extreme fear, contrarian buy | GEX positive — dealers providing support | Above 200MA — uptrend intact, dip is buyable"
2026-08-06,NVDA,218.99,63.1,193.77,True,77.2,26,81.6,39.36,0.8,1.8,positive,187.77,220.0,190.0,5,"WATCH — setup building, not quite ready","Options moderately priced (IV 26th pct) | Heavy put buying (P/C top 18% of history) — extreme fear, contrarian buy | GEX positive — dealers providing support | Above 200MA — uptrend intact, dip is buyable"
2026-08-06,GOOGL,357.75,54.38,328.62,True,62.0,68,34.2,33.68,0.67,0.5172,positive,332.31,410.0,320.0,2,"NEUTRAL — no edge, wait","GEX positive — dealers providing support | Above 200MA — uptrend intact, dip is buyable"
2026-08-06,META,589.9,32.73,632.0,False,21.7,76,7.9,39.87,0.41,0.8943,positive,520.8,750.0,550.0,2,"NEUTRAL — no edge, wait","RSI oversold (bottom 22% of own history) | GEX positive — dealers providing support | Below 200MA — downtrend, scale in slowly"
2026-08-06,AMZN,272.26,63.14,236.25,True,65.2,63,97.4,33.38,0.69,0.98,positive,,280.0,267.5,4,"WATCH — setup building, not quite ready","Heavy put buying (P/C top 3% of history) — extreme fear, contrarian buy | GEX positive — dealers providing support | Above 200MA — uptrend intact, dip is buyable"
2026-08-06,TSLA,319.53,27.8,409.39,False,10.9,19,7.9,46.14,0.67,0.22790000000000002,positive,312.54,325.0,300.0,5,"WATCH — setup building, not quite ready","RSI very oversold (bottom 11% of own history) | Options cheap (IV bottom 19% of own history) — good entry cost | GEX positive — dealers providing support | Below 200MA — downtrend, scale in slowly"
2026-08-07,AAPL,313.33,40.82,279.41,True,18.3,72,76.9,28.16,0.71,1.3,positive,278.16,320.0,240.0,5,"WATCH — setup building, not quite ready","RSI very oversold (bottom 18% of own history) | Elevated put buying (P/C 77th pct) | GEX positive — dealers providing support | Above 200MA — uptrend intact, dip is buyable"
2026-08-07,MSFT,499.99,81.43,433.08,True,93.5,82,97.4,31.64,0.52,2.2,positive,,500.0,350.0,4,"WATCH — setup building, not quite ready","Options expensive (IV top 18% of history) — fear priced in, wait | Heavy put buying (P/C top 3% of history) — extreme fear, contrarian buy | GEX positive — dealers providing support | Above 200MA — uptrend intact, dip is buyable"
2026-08-07,NVDA,223.96,65.61,193.98,True,80.6,26,92.3,39.36,0.81,2.0,positive,,230.0,190.0,5,"WATCH — setup building, not quite ready","Options moderately priced (IV 26th pct) | Heavy put buying (P/C top 8% of history) — extreme fear, contrarian buy | GEX positive — dealers providing support | Above 200MA — uptrend intact, dip is buyable"
2026-08-07,GOOGL,354.3,50.93,329.11,True,50.5,68,79.5,33.68,0.71,0.3593,positive,330.96,410.0,330.0,3,"NEUTRAL — no edge, wait","Elevated put buying (P/C 80th pct) | GEX positive — dealers providing support | Above 200MA — uptrend intact, dip is buyable"
2026-08-07,META,592.1,33.66,631.3,False,24.7,76,5.1,39.87,0.4,1.0,positive,517.81,750.0,550.0,2,"NEUTRAL — no edge, wait","RSI oversold (bottom 25% of own history) | GEX positive — dealers providing support | Below 200MA — downtrend, scale in slowly"
2026-08-07,AMZN,274.48,62.93,236.54,True,64.5,63,82.1,33.38,0.67,1.2,positive,,275.0,267.5,4,"WATCH — setup building, not quite ready","Heavy put buying (P/C top 18% of history) — extreme fear, contrarian buy | GEX positive — dealers providing support | Above 200MA — uptrend intact, dip is buyable"
2026-08-07,TSLA,328.58,34.92,408.8,False,18.3,19,82.1,46.14,0.73,0.6093,positive,318.61,400.0,300.0,7,"BUY — oversold, good loading zone","RSI very oversold (bottom 18% of own history) | Options cheap (IV bottom 19% of own history) — good entry cost | Heavy put buying (P/C top 18% of history) — extreme fear, contrarian buy | GEX positive — dealers providing support | Below 200MA — downtrend, scale in slowly"
2026-08-10,AAPL,308.26,37.21,279.64,True,11.7,37,77.5,24.47,0.71,1.1,positive,280.27,320.0,295.0,6,"BUY — oversold, good loading zone","RSI very oversold (bottom 12% of own history) | Options moderately priced (IV 37th pct) | Elevated put buying (P/C 78th pct) | GEX positive — dealers providing support | Above 200MA — uptrend intact, dip is buyable"
2026-08-10,MSFT,506.06,84.5,433.02,True,95.7,68,82.5,28.13,0.47,2.4,positive,,510.0,350.0,4,"WATCH — setup building, not quite ready","Heavy put buying (P/C top 18% of history) — extreme fear, contrarian buy | GEX positive — dealers providing support | Above 200MA — uptrend intact, dip is buyable"
2026-08-10,NVDA,217.55,57.47,194.16,True,59.6,18,80.0,37.44,0.8,1.3,positive,193.11,225.0,190.0,6,"BUY — oversold, good loading zone","Options cheap (IV bottom 18% of own history) — good entry cost | Heavy put buying (P/C top 20% of history) — extreme fear, contrarian buy | GEX positive — dealers providing support | Above 200MA — uptrend intact, dip is buyable"
2026-08-10,GOOGL,357.52,54.25,329.65,True,61.7,47,80.0,31.2,0.71,0.5408999999999999,positive,334.47,357.5,330.0,4,"WATCH — setup building, not quite ready","Heavy put buying (P/C top 20% of history) — extreme fear, contrarian buy | GEX positive — dealers providing support | Above 200MA — uptrend intact, dip is buyable"
2026-08-10,META,594.92,35.21,630.6,False,26.6,62,70.0,35.64,0.44,0.7855,positive,521.04,750.0,550.0,3,"NEUTRAL — no edge, wait","RSI oversold (bottom 27% of own history) | Elevated put buying (P/C 70th pct) | GEX positive — dealers providing support | Below 200MA — downtrend, scale in slowly"
2026-08-10,AMZN,278.09,65.93,236.82,True,68.1,43,82.5,30.9,0.67,1.1,positive,,280.0,220.0,4,"WATCH — setup building, not quite ready","Heavy put buying (P/C top 18% of history) — extreme fear, contrarian buy | GEX positive — dealers providing support | Above 200MA — uptrend intact, dip is buyable"
2026-08-10,TSLA,330.88,31.35,408.24,False,14.9,6,85.0,42.53,0.74,0.7008,positive,316.55,335.0,300.0,7,"BUY — oversold, good loading zone","RSI very oversold (bottom 15% of own history) | Options cheap (IV bottom 6% of own history) — good entry cost | Heavy put buying (P/C top 15% of history) — extreme fear, contrarian buy | GEX positive — dealers providing support | Below 200MA — downtrend, scale in slowly"
2026-08-11,AAPL,304.91,36.49,279.87,True,10.5,37,2.4,24.47,0.64,0.887,positive,292.76,310.0,300.0,5,"WATCH — setup building, not quite ready","RSI very oversold (bottom 10% of own history) | Options moderately priced (IV 37th pct) | GEX positive — dealers providing support | Above 200MA — uptrend intact, dip is buyable"
2026-08-11,MSFT,503.81,87.37,432.94,True,97.9,68,92.7,28.13,0.51,2.2,positive,,510.0,350.0,4,"WATCH — setup building, not quite ready","Heavy put buying (P/C top 7% of history) — extreme fear, contrarian buy | GEX positive — dealers providing support | Above 200MA — uptrend intact, dip is buyable"
2026-08-11,NVDA,217.5,54.26,194.35,True,53.7,18,43.9,37.44,0.78,1.4,positive,195.44,225.0,190.0,4,"WATCH — setup building, not quite ready","Options cheap (IV bottom 18% of own history) — good entry cost | GEX positive — dealers providing support | Above 200MA — uptrend intact, dip is buyable"
2026-08-11,GOOGL,343.8,50.65,330.11,True,49.5,47,51.2,31.2,0.68,0.169,positive,334.29,410.0,330.0,2,"NEUTRAL — no edge, wait","GEX positive — dealers providing support | Above 200MA — uptrend intact, dip is buyable"
2026-08-11,META,599.12,40.82,629.93,False,42.1,62,7.3,35.64,0.4,0.9448,positive,525.18,750.0,550.0,1,AVOID — not oversold or fear is company-specific,"GEX positive — dealers providing support | Below 200MA — downtrend, scale in slowly"
2026-08-11,AMZN,272.27,63.85,237.09,True,66.3,43,41.5,30.9,0.64,1.0,positive,,280.0,267.5,2,"NEUTRAL — no edge, wait","GEX positive — dealers providing support | Above 200MA — uptrend intact, dip is buyable"
2026-08-11,TSLA,332.81,33.63,407.71,False,17.9,6,92.7,42.53,0.75,0.3201,positive,319.61,335.0,300.0,7,"BUY — oversold, good loading zone","RSI very oversold (bottom 18% of own history) | Options cheap (IV bottom 6% of own history) — good entry cost | Heavy put buying (P/C top 7% of history) — extreme fear, contrarian buy | GEX positive — dealers providing support | Below 200MA — downtrend, scale in slowly"
2026-08-12,AAPL,302.25,37.24,280.09,True,13.5,37,14.3,24.47,0.66,0.416,positive,284.51,310.0,300.0,5,"WATCH — setup building, not quite ready","RSI very oversold (bottom 14% of own history) | Options moderately priced (IV 37th pct) | GEX positive — dealers providing support | Above 200MA — uptrend intact, dip is buyable"
2026-08-12,MSFT,492.43,85.89,432.79,True,94.8,68,81.0,28.13,0.47,1.7,positive,,500.0,492.5,4,"WATCH — setup building, not quite ready","Heavy put buying (P/C top 19% of history) — extreme fear, contrarian buy | GEX positive — dealers providing support | Above 200MA — uptrend intact, dip is buyable"
2026-08-12,NVDA,224.09,61.4,194.56,True,71.9,18,92.9,37.44,0.81,2.1,positive,193.72,230.0,190.0,6,"BUY — oversold, good loading zone","Options cheap (IV bottom 18% of own history) — good entry cost | Heavy put buying (P/C top 7% of history) — extreme fear, contrarian buy | GEX positive — dealers providing support | Above 200MA — uptrend intact, dip is buyable"
2026-08-12,GOOGL,343.54,62.12,330.56,True,71.9,47,33.3,31.2,0.67,0.165,positive,336.48,350.0,330.0,2,"NEUTRAL — no edge, wait","GEX positive — dealers providing support | Above 200MA — uptrend intact, dip is buyable"
2026-08-12,META,578.85,41.04,629.16,False,42.7,62,9.5,35.64,0.4,0.5943999999999999,positive,531.96,750.0,550.0,1,AVOID — not oversold or fear is company-specific,"GEX positive — dealers providing support | Below 200MA — downtrend, scale in slowly"
2026-08-12,AMZN,267.28,68.12,237.32,True,72.9,43,42.9,30.9,0.64,0.7635,positive,232.34,280.0,267.5,2,"NEUTRAL — no edge, wait","GEX positive — dealers providing support | Above 200MA — uptrend intact, dip is buyable"
2026-08-12,TSLA,327.51,55.09,407.1,False,67.7,6,9.5,42.53,0.67,0.37610000000000005,positive,319.89,335.0,300.0,3,"NEUTRAL — no edge, wait","Options cheap (IV bottom 6% of own history) — good entry cost | GEX positive — dealers providing support | Below 200MA — downtrend, scale in slowly"
2026-08-13,AAPL,305.26,29.5,280.3,True,3.1,37,93.0,24.47,0.73,0.75,positive,287.65,310.0,300.0,8,STRONG BUY — macro dip on intact name,"RSI extremely oversold (bottom 3% of own history) | Options moderately priced (IV 37th pct) | Heavy put buying (P/C top 7% of history) — extreme fear, contrarian buy | GEX positive — dealers providing support | Above 200MA — uptrend intact, dip is buyable"
2026-08-13,MSFT,496.88,86.27,432.66,True,94.8,68,100.0,28.13,0.54,1.6,positive,,500.0,475.0,4,"WATCH — setup building, not quite ready","Heavy put buying (P/C top 0% of history) — extreme fear, contrarian buy | GEX positive — dealers providing support | Above 200MA — uptrend intact, dip is buyable"
2026-08-13,NVDA,225.3,63.88,194.75,True,77.3,18,2.3,37.44,0.73,1.8,positive,,227.5,190.0,4,"WATCH — setup building, not quite ready","Options cheap (IV bottom 18% of own history) — good entry cost | GEX positive — dealers providing support | Above 200MA — uptrend intact, dip is buyable"
2026-08-13,GOOGL,346.36,62.4,330.99,True,72.2,47,2.3,31.2,0.62,0.4602,positive,338.44,350.0,340.0,2,"NEUTRAL — no edge, wait","GEX positive — dealers providing support | Above 200MA — uptrend intact, dip is buyable"
2026-08-13,META,594.97,49.93,628.44,False,59.8,62,83.7,35.64,0.45,0.9274,positive,539.72,750.0,550.0,3,"NEUTRAL — no edge, wait","Heavy put buying (P/C top 16% of history) — extreme fear, contrarian buy | GEX positive — dealers providing support | Below 200MA — downtrend, scale in slowly"
2026-08-13,AMZN,265.13,67.68,237.52,True,71.1,43,2.3,30.9,0.6,0.7361,positive,235.44,270.0,262.5,2,"NEUTRAL — no edge, wait","GEX positive — dealers providing support | Above 200MA — uptrend intact, dip is buyable"
2026-08-13,TSLA,339.96,66.3,406.63,False,90.7,6,2.3,42.53,0.64,0.6362000000000001,positive,327.57,350.0,300.0,3,"NEUTRAL — no edge, wait","Options cheap (IV bottom 6% of own history) — good entry cost | GEX positive — dealers providing support | Below 200MA — downtrend, scale in slowly"
2026-08-14,AAPL,305.93,25.98,280.48,True,2.0,37,93.2,24.47,0.73,0.898,positive,283.55,310.0,295.0,8,STRONG BUY — macro dip on intact name,"RSI extremely oversold (bottom 2% of own history) | Options moderately priced (IV 37th pct) | Heavy put buying (P/C top 7% of history) — extreme fear, contrarian buy | GEX positive — dealers providing support | Above 200MA — uptrend intact, dip is buyable"
2026-08-14,MSFT,495.4,84.77,432.48,True,92.9,68,79.5,28.13,0.47,2.1,positive,,500.0,495.0,3,"NEUTRAL — no edge, wait","Elevated put buying (P/C 80th pct) | GEX positive — dealers providing support | Above 200MA — uptrend intact, dip is buyable"
2026-08-14,NVDA,225.16,75.44,194.92,True,90.8,18,97.7,37.44,0.82,2.8,positive,192.62,225.0,190.0,6,"BUY — oversold, good loading zone","Options cheap (IV bottom 18% of own history) — good entry cost | Heavy put buying (P/C top 2% of history) — extreme fear, contrarian buy | GEX positive — dealers providing support | Above 200MA — uptrend intact, dip is buyable"
2026-08-14,GOOGL,345.9,59.57,331.38,True,67.3,47,6.8,31.2,0.64,0.5791000000000001,positive,336.29,350.0,330.0,2,"NEUTRAL — no edge, wait","GEX positive — dealers providing support | Above 200MA — uptrend intact, dip is buyable"
2026-08-14,META,589.85,48.75,627.63,False,55.1,62,59.1,35.64,0.43,1.1,positive,534.24,750.0,550.0,1,AVOID — not oversold or fear is company-specific,"GEX positive — dealers providing support | Below 200MA — downtrend, scale in slowly"
2026-08-14,AMZN,262.65,66.43,237.7,True,67.3,43,84.1,30.9,0.67,0.6711,positive,234.68,270.0,262.5,4,"WATCH — setup building, not quite ready","Heavy put buying (P/C top 16% of history) — extreme fear, contrarian buy | GEX positive — dealers providing support | Above 200MA — uptrend intact, dip is buyable"
2026-08-14,TSLA,342.27,70.38,406.08,False,96.9,6,79.5,42.53,0.73,0.5305,positive,321.93,342.5,300.0,4,"WATCH — setup building, not quite ready","Options cheap (IV bottom 6% of own history) — good entry cost | Elevated put buying (P/C 80th pct) | GEX positive — dealers providing support | Below 200MA — downtrend, scale in slowly"
2026-08-17,AAPL,305.59,22.04,280.67,True,1.0,17,95.6,22.63,0.75,0.7483,positive,283.25,310.0,295.0,9,STRONG BUY — macro dip on intact name,"RSI extremely oversold (bottom 1% of own history) | Options cheap (IV bottom 17% of own history) — good entry cost | Heavy put buying (P/C top 4% of history) — extreme fear, contrarian buy | GEX positive — dealers providing support | Above 200MA — uptrend intact, dip is buyable"
2026-08-17,MSFT,480.35,76.58,432.17,True,83.8,49,86.7,24.27,0.48,1.5,positive,408.74,500.0,475.0,4,"WATCH — setup building, not quite ready","Heavy put buying (P/C top 13% of history) — extreme fear, contrarian buy | GEX positive — dealers providing support | Above 200MA — uptrend intact, dip is buyable"
2026-08-17,NVDA,225.01,75.02,195.04,True,89.9,27,77.8,39.41,0.8,1.9,positive,192.58,230.0,190.0,4,"WATCH — setup building, not quite ready","Options moderately priced (IV 27th pct) | Elevated put buying (P/C 78th pct) | GEX positive — dealers providing support | Above 200MA — uptrend intact, dip is buyable"
2026-08-17,GOOGL,344.0,55.37,331.76,True,63.6,20,82.2,28.05,0.71,0.24059999999999998,positive,333.97,350.0,330.0,6,"BUY — oversold, good loading zone","Options cheap (IV bottom 20% of own history) — good entry cost | Heavy put buying (P/C top 18% of history) — extreme fear, contrarian buy | GEX positive — dealers providing support | Above 200MA — uptrend intact, dip is buyable"
2026-08-17,META,568.97,43.27,626.72,False,47.5,51,2.2,33.41,0.39,0.2549,positive,534.98,750.0,550.0,1,AVOID — not oversold or fear is company-specific,"GEX positive — dealers providing support | Below 200MA — downtrend, scale in slowly"
2026-08-17,AMZN,261.31,65.87,237.86,True,65.7,18,44.4,27.99,0.64,0.6761,positive,236.6,270.0,257.5,4,"WATCH — setup building, not quite ready","Options cheap (IV bottom 18% of own history) — good entry cost | GEX positive — dealers providing support | Above 200MA — uptrend intact, dip is buyable"
2026-08-17,TSLA,339.3,69.36,405.47,False,94.9,2,66.7,39.99,0.72,0.3398,positive,328.53,340.0,300.0,4,"WATCH — setup building, not quite ready","Options cheap (IV bottom 2% of own history) — good entry cost | Elevated put buying (P/C 67th pct) | GEX positive — dealers providing support | Below 200MA — downtrend, scale in slowly"
2026-08-18,AAPL,310.03,28.08,280.87,True,5.0,17,93.5,22.63,0.74,1.2,positive,285.64,310.0,295.0,9,STRONG BUY — macro dip on intact name,"RSI extremely oversold (bottom 5% of own history) | Options cheap (IV bottom 17% of own history) — good entry cost | Heavy put buying (P/C top 6% of history) — extreme fear, contrarian buy | GEX positive — dealers providing support | Above 200MA — uptrend intact, dip is buyable"
2026-08-18,MSFT,481.63,78.1,431.87,True,86.0,49,87.0,24.27,0.5,1.7,positive,,500.0,475.0,4,"WATCH — setup building, not quite ready","Heavy put buying (P/C top 13% of history) — extreme fear, contrarian buy | GEX positive — dealers providing support | Above 200MA — uptrend intact, dip is buyable"
2026-08-18,NVDA,219.74,77.41,195.1,True,91.0,27,100.0,39.41,0.83,1.2,positive,195.09,230.0,190.0,5,"WATCH — setup building, not quite ready","Options moderately priced (IV 27th pct) | Heavy put buying (P/C top 0% of history) — extreme fear, contrarian buy | GEX positive — dealers providing support | Above 200MA — uptrend intact, dip is buyable"
2026-08-18,GOOGL,344.2,54.03,332.11,True,59.0,20,100.0,28.05,0.73,0.2955,positive,335.36,350.0,340.0,6,"BUY — oversold, good loading zone","Options cheap (IV bottom 20% of own history) — good entry cost | Heavy put buying (P/C top 0% of history) — extreme fear, contrarian buy | GEX positive — dealers providing support | Above 200MA — uptrend intact, dip is buyable"
2026-08-18,META,543.67,39.46,625.68,False,37.0,51,4.3,33.41,0.39,0.1155,positive,535.2,750.0,530.0,1,AVOID — not oversold or fear is company-specific,"GEX positive — dealers providing support | Below 200MA — downtrend, scale in slowly"
2026-08-18,AMZN,259.45,67.52,238.01,True,71.0,18,19.6,27.99,0.63,0.8362999999999999,positive,247.01,270.0,257.5,4,"WATCH — setup building, not quite ready","Options cheap (IV bottom 18% of own history) — good entry cost | GEX positive — dealers providing support | Above 200MA — uptrend intact, dip is buyable"
2026-08-18,TSLA,336.87,75.5,404.85,False,97.0,2,100.0,39.99,0.76,0.1641,positive,330.6,345.0,300.0,5,"WATCH — setup building, not quite ready","Options cheap (IV bottom 2% of own history) — good entry cost | Heavy put buying (P/C top 0% of history) — extreme fear, contrarian buy | GEX positive — dealers providing support | Below 200MA — downtrend, scale in slowly"
2026-08-19,AAPL,316.83,37.47,281.1,True,17.8,17,61.7,22.63,0.69,1.7,positive,284.08,320.0,240.0,7,"BUY — oversold, good loading zone","RSI very oversold (bottom 18% of own history) | Options cheap (IV bottom 17% of own history) — good entry cost | Elevated put buying (P/C 62th pct) | GEX positive — dealers providing support | Above 200MA — uptrend intact, dip is buyable"
2026-08-19,MSFT,484.31,65.93,431.67,True,70.3,49,87.2,24.27,0.5,1.9,positive,,500.0,475.0,4,"WATCH — setup building, not quite ready","Heavy put buying (P/C top 13% of history) — extreme fear, contrarian buy | GEX positive — dealers providing support | Above 200MA — uptrend intact, dip is buyable"
2026-08-19,NVDA,217.56,71.92,195.18,True,86.1,27,4.3,39.41,0.75,1.3,positive,195.55,220.0,217.5,3,"NEUTRAL — no edge, wait","Options moderately priced (IV 27th pct) | GEX positive — dealers providing support | Above 200MA — uptrend intact, dip is buyable"
2026-08-19,GOOGL,344.72,56.11,332.42,True,66.3,20,80.9,28.05,0.71,0.3885,positive,335.57,345.0,340.0,6,"BUY — oversold, good loading zone","Options cheap (IV bottom 20% of own history) — good entry cost | Heavy put buying (P/C top 19% of history) — extreme fear, contrarian buy | GEX positive — dealers providing support | Above 200MA — uptrend intact, dip is buyable"
2026-08-19,META,546.03,52.26,625.08,False,63.4,51,6.4,33.41,0.39,0.348,positive,538.03,750.0,550.0,1,AVOID — not oversold or fear is company-specific,"GEX positive — dealers providing support | Below 200MA — downtrend, scale in slowly"
2026-08-19,AMZN,265.84,66.64,238.22,True,67.3,18,8.5,27.99,0.62,1.3,positive,240.5,270.0,240.0,4,"WATCH — setup building, not quite ready","Options cheap (IV bottom 18% of own history) — good entry cost | GEX positive — dealers providing support | Above 200MA — uptrend intact, dip is buyable"
2026-08-19,TSLA,351.12,76.65,404.41,False,97.0,2,91.5,39.99,0.75,1.5,positive,330.43,352.5,300.0,5,"WATCH — setup building, not quite ready","Options cheap (IV bottom 2% of own history) — good entry cost | Heavy put buying (P/C top 8% of history) — extreme fear, contrarian buy | GEX positive — dealers providing support | Below 200MA — downtrend, scale in slowly"
